dsachat.Main;dsachat.client.gui.MainFrame
dsachat.Main;dsachat.gm.gui.GmFrame
dsachat.Main;dsachat.server.CServer
dsachat.Main;dsachat.server.Handler
dsachat.client.ClientMain;dsachat.client.gui.MainFrame
dsachat.client.gui.InternalChatFrame;dsachat.client.gui.MainFrame
dsachat.client.gui.InternalChatFrame;dsachat.share.hero.Hero
dsachat.client.gui.InternalHeroFrame;dsachat.client.gui.MainFrame
dsachat.client.gui.InternalHeroFrame;dsachat.client.gui.SingleHeroTreeModel
dsachat.client.gui.InternalHeroFrame;dsachat.share.hero.FightValue
dsachat.client.gui.InternalHeroFrame;dsachat.share.hero.Hero
dsachat.client.gui.InternalHeroFrame;dsachat.share.hero.Weapon
dsachat.client.gui.MainFrame;dsachat.client.gui.InternalChatFrame
dsachat.client.gui.MainFrame;dsachat.client.gui.InternalHeroFrame
dsachat.client.gui.MainFrame;dsachat.client.gui.MainFrame$1
dsachat.client.gui.MainFrame;dsachat.client.net.SecClient
dsachat.client.gui.MainFrame;dsachat.share.ChallReq
dsachat.client.gui.MainFrame;dsachat.share.Challenge
dsachat.client.gui.MainFrame;dsachat.share.ConnectionEndpoint
dsachat.client.gui.MainFrame;dsachat.share.InputEvent
dsachat.client.gui.MainFrame;dsachat.share.InputListener
dsachat.client.gui.MainFrame;dsachat.share.UserEvent
dsachat.client.gui.MainFrame;dsachat.share.hero.Attribute
dsachat.client.gui.MainFrame;dsachat.share.hero.FightValue
dsachat.client.gui.MainFrame;dsachat.share.hero.Hero
dsachat.client.gui.MainFrame;dsachat.share.hero.Spell
dsachat.client.gui.MainFrame;dsachat.share.hero.Talent
dsachat.client.gui.MainFrame;dsachat.share.hero.Weapon
dsachat.client.gui.MainFrame$1;dsachat.client.gui.MainFrame
dsachat.client.gui.SingleHeroTreeModel;dsachat.share.hero.FightValue
dsachat.client.gui.SingleHeroTreeModel;dsachat.share.hero.Hero
dsachat.client.net.SecClient;dsachat.share.ConnectionEndpoint
dsachat.client.net.SecClient;dsachat.share.InputEvent
dsachat.client.net.SecClient;dsachat.share.InputListener
dsachat.client.net.SecClient;dsachat.share.KeyExc
dsachat.gm.GmMain;dsachat.gm.gui.GmFrame
dsachat.gm.gui.GmFrame;dsachat.client.net.SecClient
dsachat.gm.gui.GmFrame;dsachat.gm.gui.GmFrame$1
dsachat.gm.gui.GmFrame;dsachat.gm.gui.InternalGmChatFrame
dsachat.gm.gui.GmFrame;dsachat.gm.gui.InternalGmHeroFrame
dsachat.gm.gui.GmFrame;dsachat.share.ChallReq
dsachat.gm.gui.GmFrame;dsachat.share.Challenge
dsachat.gm.gui.GmFrame;dsachat.share.ConnectionEndpoint
dsachat.gm.gui.GmFrame;dsachat.share.InputEvent
dsachat.gm.gui.GmFrame;dsachat.share.InputListener
dsachat.gm.gui.GmFrame;dsachat.share.UserEvent
dsachat.gm.gui.GmFrame;dsachat.share.hero.Attribute
dsachat.gm.gui.GmFrame;dsachat.share.hero.Hero
dsachat.gm.gui.GmFrame;dsachat.share.hero.Spell
dsachat.gm.gui.GmFrame;dsachat.share.hero.Talent
dsachat.gm.gui.GmFrame;dsachat.share.hero.Weapon
dsachat.gm.gui.GmFrame$1;dsachat.gm.gui.GmFrame
dsachat.gm.gui.InternalGmChatFrame;dsachat.gm.gui.GmFrame
dsachat.gm.gui.InternalGmHeroFrame;dsachat.gm.gui.GmFrame
dsachat.gm.gui.InternalGmHeroFrame;dsachat.gm.gui.MultiHeroTreeModel
dsachat.gm.gui.InternalGmHeroFrame;dsachat.share.hero.Weapon
dsachat.gm.gui.MultiHeroTreeModel;dsachat.gm.gui.ValueHolder
dsachat.gm.gui.MultiHeroTreeModel;dsachat.share.hero.FightValue
dsachat.gm.gui.MultiHeroTreeModel;dsachat.share.hero.Hero
dsachat.gm.gui.ValueHolder;dsachat.share.hero.Hero
dsachat.server.CServer;dsachat.server.Handler
dsachat.server.CServer;dsachat.server.net.SecServer
dsachat.server.CServer;dsachat.share.ConnectionEndpoint
dsachat.server.CServer;dsachat.share.InputListener
dsachat.server.Entry;dsachat.share.ConnectionEndpoint
dsachat.server.Entry;dsachat.share.hero.Hero
dsachat.server.Handler;dsachat.server.Entry
dsachat.server.Handler;dsachat.share.ChallReq
dsachat.server.Handler;dsachat.share.Challenge
dsachat.server.Handler;dsachat.share.ConnectionEndpoint
dsachat.server.Handler;dsachat.share.InputEvent
dsachat.server.Handler;dsachat.share.InputListener
dsachat.server.Handler;dsachat.share.UserEvent
dsachat.server.Handler;dsachat.share.hero.Hero
dsachat.server.ServerMain;dsachat.server.CServer
dsachat.server.ServerMain;dsachat.server.Handler
dsachat.server.net.SecServer;dsachat.server.Handler
dsachat.server.net.SecServer;dsachat.share.ConnectionEndpoint
dsachat.server.net.SecServer;dsachat.share.InputEvent
dsachat.server.net.SecServer;dsachat.share.InputListener
dsachat.server.net.SecServer;dsachat.share.KeyExc
dsachat.share.Challenge;dsachat.share.hero.Hero
dsachat.share.Challenge;dsachat.share.hero.Talent
dsachat.share.Challenge;dsachat.share.hero.Weapon
dsachat.share.ConnectionEndpoint;dsachat.share.InputListener
dsachat.share.InputEvent;dsachat.share.ConnectionEndpoint
dsachat.share.InputListener;dsachat.share.InputEvent
dsachat.share.hero.Hero;dsachat.share.hero.Attribute
dsachat.share.hero.Hero;dsachat.share.hero.FightValue
dsachat.share.hero.Hero;dsachat.share.hero.Special
dsachat.share.hero.Hero;dsachat.share.hero.Spell
dsachat.share.hero.Hero;dsachat.share.hero.Talent
dsachat.share.hero.Hero;dsachat.share.hero.Weapon
dsachat.share.hero.Spell;dsachat.share.hero.Talent
dsachat.share.hero.Weapon;dsachat.share.hero.FightValue
