net.sourceforge.jwbf.JWBF;net.sourceforge.jwbf.JWBF$1
net.sourceforge.jwbf.core.actions.ContentProcessable;net.sourceforge.jwbf.core.actions.ReturningText
net.sourceforge.jwbf.core.actions.ContentProcessable;net.sourceforge.jwbf.core.actions.util.HttpAction
net.sourceforge.jwbf.core.actions.CookieValidateable;net.sourceforge.jwbf.core.actions.util.CookieException
net.sourceforge.jwbf.core.actions.CookieValidateable;net.sourceforge.jwbf.core.actions.util.HttpAction
net.sourceforge.jwbf.core.actions.FilePost;net.sourceforge.jwbf.core.actions.Post
net.sourceforge.jwbf.core.actions.Get;net.sourceforge.jwbf.core.actions.util.HttpAction
net.sourceforge.jwbf.core.actions.GetPage;net.sourceforge.jwbf.core.actions.ContentProcessable
net.sourceforge.jwbf.core.actions.GetPage;net.sourceforge.jwbf.core.actions.Get
net.sourceforge.jwbf.core.actions.GetPage;net.sourceforge.jwbf.core.actions.util.HttpAction
net.sourceforge.jwbf.core.actions.GetPage;net.sourceforge.jwbf.core.actions.util.ProcessException
net.sourceforge.jwbf.core.actions.HttpActionClient;net.sourceforge.jwbf.JWBF
net.sourceforge.jwbf.core.actions.HttpActionClient;net.sourceforge.jwbf.core.actions.ContentProcessable
net.sourceforge.jwbf.core.actions.HttpActionClient;net.sourceforge.jwbf.core.actions.CookieValidateable
net.sourceforge.jwbf.core.actions.HttpActionClient;net.sourceforge.jwbf.core.actions.Get
net.sourceforge.jwbf.core.actions.HttpActionClient;net.sourceforge.jwbf.core.actions.Post
net.sourceforge.jwbf.core.actions.HttpActionClient;net.sourceforge.jwbf.core.actions.util.ActionException
net.sourceforge.jwbf.core.actions.HttpActionClient;net.sourceforge.jwbf.core.actions.util.CookieException
net.sourceforge.jwbf.core.actions.HttpActionClient;net.sourceforge.jwbf.core.actions.util.HttpAction
net.sourceforge.jwbf.core.actions.HttpActionClient;net.sourceforge.jwbf.core.actions.util.ProcessException
net.sourceforge.jwbf.core.actions.Post;net.sourceforge.jwbf.core.actions.util.HttpAction
net.sourceforge.jwbf.core.actions.ReturningText;net.sourceforge.jwbf.core.actions.util.HttpAction
net.sourceforge.jwbf.core.actions.ReturningText;net.sourceforge.jwbf.core.actions.util.ProcessException
net.sourceforge.jwbf.core.actions.util.ActionException;net.sourceforge.jwbf.core.bots.util.JwbfException
net.sourceforge.jwbf.core.actions.util.CookieException;net.sourceforge.jwbf.core.actions.util.ActionException
net.sourceforge.jwbf.core.actions.util.ProcessException;net.sourceforge.jwbf.core.bots.util.JwbfException
net.sourceforge.jwbf.core.bots.HttpBot;net.sourceforge.jwbf.core.actions.ContentProcessable
net.sourceforge.jwbf.core.bots.HttpBot;net.sourceforge.jwbf.core.actions.Get
net.sourceforge.jwbf.core.bots.HttpBot;net.sourceforge.jwbf.core.actions.GetPage
net.sourceforge.jwbf.core.bots.HttpBot;net.sourceforge.jwbf.core.actions.HttpActionClient
net.sourceforge.jwbf.core.bots.HttpBot;net.sourceforge.jwbf.core.actions.util.ActionException
net.sourceforge.jwbf.core.bots.HttpBot;net.sourceforge.jwbf.core.actions.util.ProcessException
net.sourceforge.jwbf.core.bots.WikiBot;net.sourceforge.jwbf.core.actions.util.ActionException
net.sourceforge.jwbf.core.bots.WikiBot;net.sourceforge.jwbf.core.actions.util.ProcessException
net.sourceforge.jwbf.core.bots.WikiBot;net.sourceforge.jwbf.core.bots.util.CacheHandler
net.sourceforge.jwbf.core.bots.WikiBot;net.sourceforge.jwbf.core.contentRep.Article
net.sourceforge.jwbf.core.bots.WikiBot;net.sourceforge.jwbf.core.contentRep.SimpleArticle
net.sourceforge.jwbf.core.bots.WikiBot;net.sourceforge.jwbf.core.contentRep.Userinfo
net.sourceforge.jwbf.core.bots.util.CachArticle;net.sourceforge.jwbf.core.contentRep.ArticleMeta
net.sourceforge.jwbf.core.bots.util.CachArticle;net.sourceforge.jwbf.core.contentRep.SimpleArticle
net.sourceforge.jwbf.core.bots.util.CacheHandler;net.sourceforge.jwbf.core.contentRep.SimpleArticle
net.sourceforge.jwbf.core.bots.util.JwbfException;net.sourceforge.jwbf.JWBF
net.sourceforge.jwbf.core.bots.util.SimpleCache;net.sourceforge.jwbf.core.bots.util.CachArticle
net.sourceforge.jwbf.core.bots.util.SimpleCache;net.sourceforge.jwbf.core.bots.util.CacheHandler
net.sourceforge.jwbf.core.bots.util.SimpleCache;net.sourceforge.jwbf.core.contentRep.ArticleMeta
net.sourceforge.jwbf.core.bots.util.SimpleCache;net.sourceforge.jwbf.core.contentRep.SimpleArticle
net.sourceforge.jwbf.core.contentRep.Article;net.sourceforge.jwbf.core.actions.util.ActionException
net.sourceforge.jwbf.core.contentRep.Article;net.sourceforge.jwbf.core.actions.util.ProcessException
net.sourceforge.jwbf.core.contentRep.Article;net.sourceforge.jwbf.core.bots.WikiBot
net.sourceforge.jwbf.core.contentRep.Article;net.sourceforge.jwbf.core.bots.util.JwbfException
net.sourceforge.jwbf.core.contentRep.Article;net.sourceforge.jwbf.core.contentRep.ArticleMeta
net.sourceforge.jwbf.core.contentRep.Article;net.sourceforge.jwbf.core.contentRep.ContentSetable
net.sourceforge.jwbf.core.contentRep.Article;net.sourceforge.jwbf.core.contentRep.SimpleArticle
net.sourceforge.jwbf.core.contentRep.ArticleMeta;net.sourceforge.jwbf.core.contentRep.ContentAccessable
net.sourceforge.jwbf.core.contentRep.SimpleArticle;net.sourceforge.jwbf.core.contentRep.ArticleMeta
net.sourceforge.jwbf.core.contentRep.SimpleArticle;net.sourceforge.jwbf.core.contentRep.ContentAccessable
net.sourceforge.jwbf.core.contentRep.SimpleArticle;net.sourceforge.jwbf.core.contentRep.ContentSetable
net.sourceforge.jwbf.inyoka.actions.GetRevision;net.sourceforge.jwbf.core.actions.ContentProcessable
net.sourceforge.jwbf.inyoka.actions.GetRevision;net.sourceforge.jwbf.core.actions.Get
net.sourceforge.jwbf.inyoka.actions.GetRevision;net.sourceforge.jwbf.core.actions.util.HttpAction
net.sourceforge.jwbf.inyoka.actions.GetRevision;net.sourceforge.jwbf.core.actions.util.ProcessException
net.sourceforge.jwbf.inyoka.actions.GetRevision;net.sourceforge.jwbf.core.contentRep.SimpleArticle
net.sourceforge.jwbf.inyoka.bots.InyokaWikiBot;net.sourceforge.jwbf.core.actions.ContentProcessable
net.sourceforge.jwbf.inyoka.bots.InyokaWikiBot;net.sourceforge.jwbf.core.actions.util.ActionException
net.sourceforge.jwbf.inyoka.bots.InyokaWikiBot;net.sourceforge.jwbf.core.actions.util.ProcessException
net.sourceforge.jwbf.inyoka.bots.InyokaWikiBot;net.sourceforge.jwbf.core.bots.HttpBot
net.sourceforge.jwbf.inyoka.bots.InyokaWikiBot;net.sourceforge.jwbf.core.bots.WikiBot
net.sourceforge.jwbf.inyoka.bots.InyokaWikiBot;net.sourceforge.jwbf.core.bots.util.CacheHandler
net.sourceforge.jwbf.inyoka.bots.InyokaWikiBot;net.sourceforge.jwbf.core.contentRep.Article
net.sourceforge.jwbf.inyoka.bots.InyokaWikiBot;net.sourceforge.jwbf.core.contentRep.SimpleArticle
net.sourceforge.jwbf.inyoka.bots.InyokaWikiBot;net.sourceforge.jwbf.core.contentRep.Userinfo
net.sourceforge.jwbf.inyoka.bots.InyokaWikiBot;net.sourceforge.jwbf.inyoka.actions.GetRevision
net.sourceforge.jwbf.inyoka.bots.InyokaWikiBot;net.sourceforge.jwbf.inyoka.bots.InyokaWikiBot$1
net.sourceforge.jwbf.inyoka.bots.InyokaWikiBot$1;net.sourceforge.jwbf.core.contentRep.Userinfo
net.sourceforge.jwbf.inyoka.bots.InyokaWikiBot$1;net.sourceforge.jwbf.inyoka.bots.InyokaWikiBot
net.sourceforge.jwbf.mediawiki.actions.MediaWiki;net.sourceforge.jwbf.mediawiki.actions.HTMLEntities
net.sourceforge.jwbf.mediawiki.actions.MediaWiki$Version;net.sourceforge.jwbf.mediawiki.actions.MediaWiki$Version[]
net.sourceforge.jwbf.mediawiki.actions.editing.FileUpload;net.sourceforge.jwbf.core.actions.Get
net.sourceforge.jwbf.mediawiki.actions.editing.FileUpload;net.sourceforge.jwbf.core.actions.Post
net.sourceforge.jwbf.mediawiki.actions.editing.FileUpload;net.sourceforge.jwbf.core.actions.util.ActionException
net.sourceforge.jwbf.mediawiki.actions.editing.FileUpload;net.sourceforge.jwbf.core.actions.util.HttpAction
net.sourceforge.jwbf.mediawiki.actions.editing.FileUpload;net.sourceforge.jwbf.core.actions.util.ProcessException
net.sourceforge.jwbf.mediawiki.actions.editing.FileUpload;net.sourceforge.jwbf.mediawiki.actions.MediaWiki
net.sourceforge.jwbf.mediawiki.actions.editing.FileUpload;net.sourceforge.jwbf.mediawiki.actions.MediaWiki$Version
net.sourceforge.jwbf.mediawiki.actions.editing.FileUpload;net.sourceforge.jwbf.mediawiki.actions.util.MWAction
net.sourceforge.jwbf.mediawiki.actions.editing.FileUpload;net.sourceforge.jwbf.mediawiki.actions.util.SupportedBy
net.sourceforge.jwbf.mediawiki.actions.editing.FileUpload;net.sourceforge.jwbf.mediawiki.actions.util.VersionException
net.sourceforge.jwbf.mediawiki.actions.editing.FileUpload;net.sourceforge.jwbf.mediawiki.bots.MediaWikiBot
net.sourceforge.jwbf.mediawiki.actions.editing.FileUpload;net.sourceforge.jwbf.mediawiki.contentRep.SimpleFile
net.sourceforge.jwbf.mediawiki.actions.editing.GetApiToken;net.sourceforge.jwbf.core.actions.Get
net.sourceforge.jwbf.mediawiki.actions.editing.GetApiToken;net.sourceforge.jwbf.core.actions.util.HttpAction
net.sourceforge.jwbf.mediawiki.actions.editing.GetApiToken;net.sourceforge.jwbf.core.actions.util.ProcessException
net.sourceforge.jwbf.mediawiki.actions.editing.GetApiToken;net.sourceforge.jwbf.core.contentRep.Userinfo
net.sourceforge.jwbf.mediawiki.actions.editing.GetApiToken;net.sourceforge.jwbf.mediawiki.actions.MediaWiki
net.sourceforge.jwbf.mediawiki.actions.editing.GetApiToken;net.sourceforge.jwbf.mediawiki.actions.MediaWiki$Version
net.sourceforge.jwbf.mediawiki.actions.editing.GetApiToken;net.sourceforge.jwbf.mediawiki.actions.editing.GetApiToken$1
net.sourceforge.jwbf.mediawiki.actions.editing.GetApiToken;net.sourceforge.jwbf.mediawiki.actions.editing.GetApiToken$Intoken
net.sourceforge.jwbf.mediawiki.actions.editing.GetApiToken;net.sourceforge.jwbf.mediawiki.actions.util.MWAction
net.sourceforge.jwbf.mediawiki.actions.editing.GetApiToken;net.sourceforge.jwbf.mediawiki.actions.util.SupportedBy
net.sourceforge.jwbf.mediawiki.actions.editing.GetApiToken;net.sourceforge.jwbf.mediawiki.actions.util.VersionException
net.sourceforge.jwbf.mediawiki.actions.editing.GetApiToken$1;net.sourceforge.jwbf.mediawiki.actions.editing.GetApiToken$Intoken
net.sourceforge.jwbf.mediawiki.actions.editing.GetApiToken$Intoken;net.sourceforge.jwbf.mediawiki.actions.editing.GetApiToken$Intoken[]
net.sourceforge.jwbf.mediawiki.actions.editing.GetRevision;net.sourceforge.jwbf.core.actions.Get
net.sourceforge.jwbf.mediawiki.actions.editing.GetRevision;net.sourceforge.jwbf.core.actions.util.ActionException
net.sourceforge.jwbf.mediawiki.actions.editing.GetRevision;net.sourceforge.jwbf.core.actions.util.HttpAction
net.sourceforge.jwbf.mediawiki.actions.editing.GetRevision;net.sourceforge.jwbf.core.actions.util.ProcessException
net.sourceforge.jwbf.mediawiki.actions.editing.GetRevision;net.sourceforge.jwbf.core.contentRep.SimpleArticle
net.sourceforge.jwbf.mediawiki.actions.editing.GetRevision;net.sourceforge.jwbf.mediawiki.actions.MediaWiki
net.sourceforge.jwbf.mediawiki.actions.editing.GetRevision;net.sourceforge.jwbf.mediawiki.actions.MediaWiki$Version
net.sourceforge.jwbf.mediawiki.actions.editing.GetRevision;net.sourceforge.jwbf.mediawiki.actions.util.ApiException
net.sourceforge.jwbf.mediawiki.actions.editing.GetRevision;net.sourceforge.jwbf.mediawiki.actions.util.MWAction
net.sourceforge.jwbf.mediawiki.actions.editing.GetRevision;net.sourceforge.jwbf.mediawiki.actions.util.SupportedBy
net.sourceforge.jwbf.mediawiki.actions.editing.MovePage;net.sourceforge.jwbf.core.actions.Post
net.sourceforge.jwbf.mediawiki.actions.editing.MovePage;net.sourceforge.jwbf.core.actions.util.ActionException
net.sourceforge.jwbf.mediawiki.actions.editing.MovePage;net.sourceforge.jwbf.core.actions.util.HttpAction
net.sourceforge.jwbf.mediawiki.actions.editing.MovePage;net.sourceforge.jwbf.core.actions.util.ProcessException
net.sourceforge.jwbf.mediawiki.actions.editing.MovePage;net.sourceforge.jwbf.core.contentRep.Userinfo
net.sourceforge.jwbf.mediawiki.actions.editing.MovePage;net.sourceforge.jwbf.mediawiki.actions.MediaWiki
net.sourceforge.jwbf.mediawiki.actions.editing.MovePage;net.sourceforge.jwbf.mediawiki.actions.MediaWiki$Version
net.sourceforge.jwbf.mediawiki.actions.editing.MovePage;net.sourceforge.jwbf.mediawiki.actions.editing.GetApiToken
net.sourceforge.jwbf.mediawiki.actions.editing.MovePage;net.sourceforge.jwbf.mediawiki.actions.editing.GetApiToken$Intoken
net.sourceforge.jwbf.mediawiki.actions.editing.MovePage;net.sourceforge.jwbf.mediawiki.actions.util.MWAction
net.sourceforge.jwbf.mediawiki.actions.editing.MovePage;net.sourceforge.jwbf.mediawiki.actions.util.SupportedBy
net.sourceforge.jwbf.mediawiki.actions.editing.MovePage;net.sourceforge.jwbf.mediawiki.bots.MediaWikiBot
net.sourceforge.jwbf.mediawiki.actions.editing.PostDelete;net.sourceforge.jwbf.core.actions.Post
net.sourceforge.jwbf.mediawiki.actions.editing.PostDelete;net.sourceforge.jwbf.core.actions.util.ActionException
net.sourceforge.jwbf.mediawiki.actions.editing.PostDelete;net.sourceforge.jwbf.core.actions.util.HttpAction
net.sourceforge.jwbf.mediawiki.actions.editing.PostDelete;net.sourceforge.jwbf.core.actions.util.ProcessException
net.sourceforge.jwbf.mediawiki.actions.editing.PostDelete;net.sourceforge.jwbf.core.contentRep.Userinfo
net.sourceforge.jwbf.mediawiki.actions.editing.PostDelete;net.sourceforge.jwbf.mediawiki.actions.MediaWiki
net.sourceforge.jwbf.mediawiki.actions.editing.PostDelete;net.sourceforge.jwbf.mediawiki.actions.MediaWiki$Version
net.sourceforge.jwbf.mediawiki.actions.editing.PostDelete;net.sourceforge.jwbf.mediawiki.actions.editing.GetApiToken
net.sourceforge.jwbf.mediawiki.actions.editing.PostDelete;net.sourceforge.jwbf.mediawiki.actions.editing.GetApiToken$Intoken
net.sourceforge.jwbf.mediawiki.actions.editing.PostDelete;net.sourceforge.jwbf.mediawiki.actions.util.MWAction
net.sourceforge.jwbf.mediawiki.actions.editing.PostDelete;net.sourceforge.jwbf.mediawiki.actions.util.SupportedBy
net.sourceforge.jwbf.mediawiki.actions.editing.PostDelete;net.sourceforge.jwbf.mediawiki.bots.MediaWikiBot
net.sourceforge.jwbf.mediawiki.actions.editing.PostModifyContent;net.sourceforge.jwbf.core.Misc
net.sourceforge.jwbf.mediawiki.actions.editing.PostModifyContent;net.sourceforge.jwbf.core.actions.Get
net.sourceforge.jwbf.mediawiki.actions.editing.PostModifyContent;net.sourceforge.jwbf.core.actions.Post
net.sourceforge.jwbf.mediawiki.actions.editing.PostModifyContent;net.sourceforge.jwbf.core.actions.util.ActionException
net.sourceforge.jwbf.mediawiki.actions.editing.PostModifyContent;net.sourceforge.jwbf.core.actions.util.HttpAction
net.sourceforge.jwbf.mediawiki.actions.editing.PostModifyContent;net.sourceforge.jwbf.core.actions.util.ProcessException
net.sourceforge.jwbf.mediawiki.actions.editing.PostModifyContent;net.sourceforge.jwbf.core.bots.util.JwbfException
net.sourceforge.jwbf.mediawiki.actions.editing.PostModifyContent;net.sourceforge.jwbf.core.contentRep.ContentAccessable
net.sourceforge.jwbf.mediawiki.actions.editing.PostModifyContent;net.sourceforge.jwbf.core.contentRep.SimpleArticle
net.sourceforge.jwbf.mediawiki.actions.editing.PostModifyContent;net.sourceforge.jwbf.core.contentRep.Userinfo
net.sourceforge.jwbf.mediawiki.actions.editing.PostModifyContent;net.sourceforge.jwbf.mediawiki.actions.MediaWiki
net.sourceforge.jwbf.mediawiki.actions.editing.PostModifyContent;net.sourceforge.jwbf.mediawiki.actions.MediaWiki$Version
net.sourceforge.jwbf.mediawiki.actions.editing.PostModifyContent;net.sourceforge.jwbf.mediawiki.actions.editing.GetApiToken
net.sourceforge.jwbf.mediawiki.actions.editing.PostModifyContent;net.sourceforge.jwbf.mediawiki.actions.editing.GetApiToken$Intoken
net.sourceforge.jwbf.mediawiki.actions.editing.PostModifyContent;net.sourceforge.jwbf.mediawiki.actions.editing.PostModifyContent$1
net.sourceforge.jwbf.mediawiki.actions.editing.PostModifyContent;net.sourceforge.jwbf.mediawiki.actions.util.MWAction
net.sourceforge.jwbf.mediawiki.actions.editing.PostModifyContent;net.sourceforge.jwbf.mediawiki.actions.util.SupportedBy
net.sourceforge.jwbf.mediawiki.actions.editing.PostModifyContent;net.sourceforge.jwbf.mediawiki.actions.util.VersionException
net.sourceforge.jwbf.mediawiki.actions.editing.PostModifyContent;net.sourceforge.jwbf.mediawiki.bots.MediaWikiBot
net.sourceforge.jwbf.mediawiki.actions.editing.PostModifyContent$1;net.sourceforge.jwbf.mediawiki.actions.MediaWiki$Version
net.sourceforge.jwbf.mediawiki.actions.login.PostLogin;net.sourceforge.jwbf.core.actions.Post
net.sourceforge.jwbf.mediawiki.actions.login.PostLogin;net.sourceforge.jwbf.core.actions.util.HttpAction
net.sourceforge.jwbf.mediawiki.actions.login.PostLogin;net.sourceforge.jwbf.core.actions.util.ProcessException
net.sourceforge.jwbf.mediawiki.actions.login.PostLogin;net.sourceforge.jwbf.mediawiki.actions.MediaWiki$Version
net.sourceforge.jwbf.mediawiki.actions.login.PostLogin;net.sourceforge.jwbf.mediawiki.actions.util.MWAction
net.sourceforge.jwbf.mediawiki.actions.login.PostLogin;net.sourceforge.jwbf.mediawiki.actions.util.SupportedBy
net.sourceforge.jwbf.mediawiki.actions.login.PostLogin;net.sourceforge.jwbf.mediawiki.contentRep.LoginData
net.sourceforge.jwbf.mediawiki.actions.login.PostLoginOld;net.sourceforge.jwbf.core.actions.CookieValidateable
net.sourceforge.jwbf.mediawiki.actions.login.PostLoginOld;net.sourceforge.jwbf.core.actions.Post
net.sourceforge.jwbf.mediawiki.actions.login.PostLoginOld;net.sourceforge.jwbf.core.actions.util.CookieException
net.sourceforge.jwbf.mediawiki.actions.login.PostLoginOld;net.sourceforge.jwbf.core.actions.util.HttpAction
net.sourceforge.jwbf.mediawiki.actions.login.PostLoginOld;net.sourceforge.jwbf.mediawiki.actions.MediaWiki
net.sourceforge.jwbf.mediawiki.actions.login.PostLoginOld;net.sourceforge.jwbf.mediawiki.actions.MediaWiki$Version
net.sourceforge.jwbf.mediawiki.actions.login.PostLoginOld;net.sourceforge.jwbf.mediawiki.actions.util.MWAction
net.sourceforge.jwbf.mediawiki.actions.login.PostLoginOld;net.sourceforge.jwbf.mediawiki.actions.util.SupportedBy
net.sourceforge.jwbf.mediawiki.actions.login.PostLoginOld;net.sourceforge.jwbf.mediawiki.contentRep.LoginData
net.sourceforge.jwbf.mediawiki.actions.meta.GetUserinfo;net.sourceforge.jwbf.core.actions.Get
net.sourceforge.jwbf.mediawiki.actions.meta.GetUserinfo;net.sourceforge.jwbf.core.actions.util.HttpAction
net.sourceforge.jwbf.mediawiki.actions.meta.GetUserinfo;net.sourceforge.jwbf.core.actions.util.ProcessException
net.sourceforge.jwbf.mediawiki.actions.meta.GetUserinfo;net.sourceforge.jwbf.core.contentRep.Userinfo
net.sourceforge.jwbf.mediawiki.actions.meta.GetUserinfo;net.sourceforge.jwbf.mediawiki.actions.MediaWiki
net.sourceforge.jwbf.mediawiki.actions.meta.GetUserinfo;net.sourceforge.jwbf.mediawiki.actions.MediaWiki$Version
net.sourceforge.jwbf.mediawiki.actions.meta.GetUserinfo;net.sourceforge.jwbf.mediawiki.actions.meta.GetUserinfo$1
net.sourceforge.jwbf.mediawiki.actions.meta.GetUserinfo;net.sourceforge.jwbf.mediawiki.actions.util.MWAction
net.sourceforge.jwbf.mediawiki.actions.meta.GetUserinfo;net.sourceforge.jwbf.mediawiki.actions.util.SupportedBy
net.sourceforge.jwbf.mediawiki.actions.meta.GetUserinfo;net.sourceforge.jwbf.mediawiki.actions.util.VersionException
net.sourceforge.jwbf.mediawiki.actions.meta.GetUserinfo$1;net.sourceforge.jwbf.mediawiki.actions.MediaWiki$Version
net.sourceforge.jwbf.mediawiki.actions.meta.GetVersion;net.sourceforge.jwbf.JWBF
net.sourceforge.jwbf.mediawiki.actions.meta.GetVersion;net.sourceforge.jwbf.core.actions.ContentProcessable
net.sourceforge.jwbf.mediawiki.actions.meta.GetVersion;net.sourceforge.jwbf.core.actions.Get
net.sourceforge.jwbf.mediawiki.actions.meta.GetVersion;net.sourceforge.jwbf.core.actions.util.ActionException
net.sourceforge.jwbf.mediawiki.actions.meta.GetVersion;net.sourceforge.jwbf.core.actions.util.HttpAction
net.sourceforge.jwbf.mediawiki.actions.meta.GetVersion;net.sourceforge.jwbf.core.actions.util.ProcessException
net.sourceforge.jwbf.mediawiki.actions.meta.GetVersion;net.sourceforge.jwbf.mediawiki.actions.MediaWiki$Version
net.sourceforge.jwbf.mediawiki.actions.meta.GetVersion;net.sourceforge.jwbf.mediawiki.actions.util.MWAction
net.sourceforge.jwbf.mediawiki.actions.meta.GetVersion;net.sourceforge.jwbf.mediawiki.actions.util.SupportedBy
net.sourceforge.jwbf.mediawiki.actions.meta.GetVersion;net.sourceforge.jwbf.mediawiki.bots.MediaWikiBot
net.sourceforge.jwbf.mediawiki.actions.meta.Siteinfo;net.sourceforge.jwbf.core.actions.Get
net.sourceforge.jwbf.mediawiki.actions.meta.Siteinfo;net.sourceforge.jwbf.core.actions.util.HttpAction
net.sourceforge.jwbf.mediawiki.actions.meta.Siteinfo;net.sourceforge.jwbf.mediawiki.actions.MediaWiki
net.sourceforge.jwbf.mediawiki.actions.meta.Siteinfo;net.sourceforge.jwbf.mediawiki.actions.MediaWiki$Version
net.sourceforge.jwbf.mediawiki.actions.meta.Siteinfo;net.sourceforge.jwbf.mediawiki.actions.meta.GetVersion
net.sourceforge.jwbf.mediawiki.actions.meta.Siteinfo;net.sourceforge.jwbf.mediawiki.actions.util.SupportedBy
net.sourceforge.jwbf.mediawiki.actions.misc.GetRendering;net.sourceforge.jwbf.core.actions.ContentProcessable
net.sourceforge.jwbf.mediawiki.actions.misc.GetRendering;net.sourceforge.jwbf.core.actions.Get
net.sourceforge.jwbf.mediawiki.actions.misc.GetRendering;net.sourceforge.jwbf.core.actions.util.ActionException
net.sourceforge.jwbf.mediawiki.actions.misc.GetRendering;net.sourceforge.jwbf.core.actions.util.HttpAction
net.sourceforge.jwbf.mediawiki.actions.misc.GetRendering;net.sourceforge.jwbf.core.actions.util.ProcessException
net.sourceforge.jwbf.mediawiki.actions.misc.GetRendering;net.sourceforge.jwbf.mediawiki.actions.MediaWiki
net.sourceforge.jwbf.mediawiki.actions.misc.GetRendering;net.sourceforge.jwbf.mediawiki.actions.MediaWiki$Version
net.sourceforge.jwbf.mediawiki.actions.misc.GetRendering;net.sourceforge.jwbf.mediawiki.actions.misc.GetRendering$1
net.sourceforge.jwbf.mediawiki.actions.misc.GetRendering;net.sourceforge.jwbf.mediawiki.actions.util.MWAction
net.sourceforge.jwbf.mediawiki.actions.misc.GetRendering;net.sourceforge.jwbf.mediawiki.actions.util.SupportedBy
net.sourceforge.jwbf.mediawiki.actions.misc.GetRendering;net.sourceforge.jwbf.mediawiki.actions.util.VersionException
net.sourceforge.jwbf.mediawiki.actions.misc.GetRendering;net.sourceforge.jwbf.mediawiki.bots.MediaWikiBot
net.sourceforge.jwbf.mediawiki.actions.misc.GetRendering$1;net.sourceforge.jwbf.mediawiki.actions.MediaWiki$Version
net.sourceforge.jwbf.mediawiki.actions.queries.AllPageTitles;net.sourceforge.jwbf.core.actions.Get
net.sourceforge.jwbf.mediawiki.actions.queries.AllPageTitles;net.sourceforge.jwbf.core.actions.util.HttpAction
net.sourceforge.jwbf.mediawiki.actions.queries.AllPageTitles;net.sourceforge.jwbf.mediawiki.actions.MediaWiki
net.sourceforge.jwbf.mediawiki.actions.queries.AllPageTitles;net.sourceforge.jwbf.mediawiki.actions.MediaWiki$Version
net.sourceforge.jwbf.mediawiki.actions.queries.AllPageTitles;net.sourceforge.jwbf.mediawiki.actions.queries.TitleQuery
net.sourceforge.jwbf.mediawiki.actions.queries.AllPageTitles;net.sourceforge.jwbf.mediawiki.actions.util.MWAction
net.sourceforge.jwbf.mediawiki.actions.queries.AllPageTitles;net.sourceforge.jwbf.mediawiki.actions.util.RedirectFilter
net.sourceforge.jwbf.mediawiki.actions.queries.AllPageTitles;net.sourceforge.jwbf.mediawiki.actions.util.SupportedBy
net.sourceforge.jwbf.mediawiki.actions.queries.AllPageTitles;net.sourceforge.jwbf.mediawiki.actions.util.VersionException
net.sourceforge.jwbf.mediawiki.actions.queries.AllPageTitles;net.sourceforge.jwbf.mediawiki.bots.MediaWikiBot
net.sourceforge.jwbf.mediawiki.actions.queries.BacklinkTitles;net.sourceforge.jwbf.core.actions.Get
net.sourceforge.jwbf.mediawiki.actions.queries.BacklinkTitles;net.sourceforge.jwbf.core.actions.util.HttpAction
net.sourceforge.jwbf.mediawiki.actions.queries.BacklinkTitles;net.sourceforge.jwbf.mediawiki.actions.MediaWiki$Version
net.sourceforge.jwbf.mediawiki.actions.queries.BacklinkTitles;net.sourceforge.jwbf.mediawiki.actions.queries.BacklinkTitles$1
net.sourceforge.jwbf.mediawiki.actions.queries.BacklinkTitles;net.sourceforge.jwbf.mediawiki.actions.queries.BacklinkTitles$RequestBuilder
net.sourceforge.jwbf.mediawiki.actions.queries.BacklinkTitles;net.sourceforge.jwbf.mediawiki.actions.queries.BacklinkTitles$RequestBuilder1x09
net.sourceforge.jwbf.mediawiki.actions.queries.BacklinkTitles;net.sourceforge.jwbf.mediawiki.actions.queries.BacklinkTitles$RequestBuilder1x11
net.sourceforge.jwbf.mediawiki.actions.queries.BacklinkTitles;net.sourceforge.jwbf.mediawiki.actions.queries.BacklinkTitles$RequestBuilder1x17
net.sourceforge.jwbf.mediawiki.actions.queries.BacklinkTitles;net.sourceforge.jwbf.mediawiki.actions.queries.TitleQuery
net.sourceforge.jwbf.mediawiki.actions.queries.BacklinkTitles;net.sourceforge.jwbf.mediawiki.actions.util.RedirectFilter
net.sourceforge.jwbf.mediawiki.actions.queries.BacklinkTitles;net.sourceforge.jwbf.mediawiki.actions.util.SupportedBy
net.sourceforge.jwbf.mediawiki.actions.queries.BacklinkTitles;net.sourceforge.jwbf.mediawiki.actions.util.VersionException
net.sourceforge.jwbf.mediawiki.actions.queries.BacklinkTitles;net.sourceforge.jwbf.mediawiki.bots.MediaWikiBot
net.sourceforge.jwbf.mediawiki.actions.queries.BacklinkTitles$1;net.sourceforge.jwbf.mediawiki.actions.MediaWiki$Version
net.sourceforge.jwbf.mediawiki.actions.queries.BacklinkTitles$RequestBuilder;net.sourceforge.jwbf.mediawiki.actions.util.RedirectFilter
net.sourceforge.jwbf.mediawiki.actions.queries.BacklinkTitles$RequestBuilder1x09;net.sourceforge.jwbf.mediawiki.actions.MediaWiki
net.sourceforge.jwbf.mediawiki.actions.queries.BacklinkTitles$RequestBuilder1x09;net.sourceforge.jwbf.mediawiki.actions.queries.BacklinkTitles$1
net.sourceforge.jwbf.mediawiki.actions.queries.BacklinkTitles$RequestBuilder1x09;net.sourceforge.jwbf.mediawiki.actions.queries.BacklinkTitles$RequestBuilder
net.sourceforge.jwbf.mediawiki.actions.queries.BacklinkTitles$RequestBuilder1x09;net.sourceforge.jwbf.mediawiki.actions.util.MWAction
net.sourceforge.jwbf.mediawiki.actions.queries.BacklinkTitles$RequestBuilder1x09;net.sourceforge.jwbf.mediawiki.actions.util.RedirectFilter
net.sourceforge.jwbf.mediawiki.actions.queries.BacklinkTitles$RequestBuilder1x11;net.sourceforge.jwbf.mediawiki.actions.MediaWiki
net.sourceforge.jwbf.mediawiki.actions.queries.BacklinkTitles$RequestBuilder1x11;net.sourceforge.jwbf.mediawiki.actions.queries.BacklinkTitles$1
net.sourceforge.jwbf.mediawiki.actions.queries.BacklinkTitles$RequestBuilder1x11;net.sourceforge.jwbf.mediawiki.actions.queries.BacklinkTitles$RequestBuilder
net.sourceforge.jwbf.mediawiki.actions.queries.BacklinkTitles$RequestBuilder1x11;net.sourceforge.jwbf.mediawiki.actions.util.MWAction
net.sourceforge.jwbf.mediawiki.actions.queries.BacklinkTitles$RequestBuilder1x11;net.sourceforge.jwbf.mediawiki.actions.util.RedirectFilter
net.sourceforge.jwbf.mediawiki.actions.queries.BacklinkTitles$RequestBuilder1x17;net.sourceforge.jwbf.mediawiki.actions.MediaWiki
net.sourceforge.jwbf.mediawiki.actions.queries.BacklinkTitles$RequestBuilder1x17;net.sourceforge.jwbf.mediawiki.actions.queries.BacklinkTitles$1
net.sourceforge.jwbf.mediawiki.actions.queries.BacklinkTitles$RequestBuilder1x17;net.sourceforge.jwbf.mediawiki.actions.queries.BacklinkTitles$RequestBuilder
net.sourceforge.jwbf.mediawiki.actions.queries.BacklinkTitles$RequestBuilder1x17;net.sourceforge.jwbf.mediawiki.actions.util.MWAction
net.sourceforge.jwbf.mediawiki.actions.queries.BacklinkTitles$RequestBuilder1x17;net.sourceforge.jwbf.mediawiki.actions.util.RedirectFilter
net.sourceforge.jwbf.mediawiki.actions.queries.CategoryMembers;!defaultpackage!.I[]
net.sourceforge.jwbf.mediawiki.actions.queries.CategoryMembers;net.sourceforge.jwbf.core.actions.Get
net.sourceforge.jwbf.mediawiki.actions.queries.CategoryMembers;net.sourceforge.jwbf.core.actions.util.ProcessException
net.sourceforge.jwbf.mediawiki.actions.queries.CategoryMembers;net.sourceforge.jwbf.mediawiki.actions.MediaWiki$Version
net.sourceforge.jwbf.mediawiki.actions.queries.CategoryMembers;net.sourceforge.jwbf.mediawiki.actions.queries.CategoryMembers$1
net.sourceforge.jwbf.mediawiki.actions.queries.CategoryMembers;net.sourceforge.jwbf.mediawiki.actions.queries.CategoryMembers$RequestBuilder
net.sourceforge.jwbf.mediawiki.actions.queries.CategoryMembers;net.sourceforge.jwbf.mediawiki.actions.queries.CategoryMembers$RequestBuilder_1_11
net.sourceforge.jwbf.mediawiki.actions.queries.CategoryMembers;net.sourceforge.jwbf.mediawiki.actions.util.MWAction
net.sourceforge.jwbf.mediawiki.actions.queries.CategoryMembers;net.sourceforge.jwbf.mediawiki.actions.util.SupportedBy
net.sourceforge.jwbf.mediawiki.actions.queries.CategoryMembers;net.sourceforge.jwbf.mediawiki.actions.util.VersionException
net.sourceforge.jwbf.mediawiki.actions.queries.CategoryMembers;net.sourceforge.jwbf.mediawiki.bots.MediaWikiBot
net.sourceforge.jwbf.mediawiki.actions.queries.CategoryMembers$1;net.sourceforge.jwbf.mediawiki.actions.MediaWiki$Version
net.sourceforge.jwbf.mediawiki.actions.queries.CategoryMembers$RequestBuilder;net.sourceforge.jwbf.mediawiki.actions.MediaWiki
net.sourceforge.jwbf.mediawiki.actions.queries.CategoryMembers$RequestBuilder;net.sourceforge.jwbf.mediawiki.actions.queries.CategoryMembers
net.sourceforge.jwbf.mediawiki.actions.queries.CategoryMembers$RequestBuilder_1_11;net.sourceforge.jwbf.mediawiki.actions.MediaWiki
net.sourceforge.jwbf.mediawiki.actions.queries.CategoryMembers$RequestBuilder_1_11;net.sourceforge.jwbf.mediawiki.actions.queries.CategoryMembers
net.sourceforge.jwbf.mediawiki.actions.queries.CategoryMembers$RequestBuilder_1_11;net.sourceforge.jwbf.mediawiki.actions.queries.CategoryMembers$RequestBuilder
net.sourceforge.jwbf.mediawiki.actions.queries.CategoryMembersFull;net.sourceforge.jwbf.core.actions.ContentProcessable
net.sourceforge.jwbf.mediawiki.actions.queries.CategoryMembersFull;net.sourceforge.jwbf.core.actions.Get
net.sourceforge.jwbf.mediawiki.actions.queries.CategoryMembersFull;net.sourceforge.jwbf.core.actions.util.ActionException
net.sourceforge.jwbf.mediawiki.actions.queries.CategoryMembersFull;net.sourceforge.jwbf.core.actions.util.HttpAction
net.sourceforge.jwbf.mediawiki.actions.queries.CategoryMembersFull;net.sourceforge.jwbf.core.actions.util.ProcessException
net.sourceforge.jwbf.mediawiki.actions.queries.CategoryMembersFull;net.sourceforge.jwbf.core.bots.util.JwbfException
net.sourceforge.jwbf.mediawiki.actions.queries.CategoryMembersFull;net.sourceforge.jwbf.mediawiki.actions.MediaWiki$Version
net.sourceforge.jwbf.mediawiki.actions.queries.CategoryMembersFull;net.sourceforge.jwbf.mediawiki.actions.queries.CategoryMembers
net.sourceforge.jwbf.mediawiki.actions.queries.CategoryMembersFull;net.sourceforge.jwbf.mediawiki.actions.util.SupportedBy
net.sourceforge.jwbf.mediawiki.actions.queries.CategoryMembersFull;net.sourceforge.jwbf.mediawiki.bots.MediaWikiBot
net.sourceforge.jwbf.mediawiki.actions.queries.CategoryMembersFull;net.sourceforge.jwbf.mediawiki.contentRep.CategoryItem
net.sourceforge.jwbf.mediawiki.actions.queries.CategoryMembersSimple;net.sourceforge.jwbf.core.actions.ContentProcessable
net.sourceforge.jwbf.mediawiki.actions.queries.CategoryMembersSimple;net.sourceforge.jwbf.core.actions.Get
net.sourceforge.jwbf.mediawiki.actions.queries.CategoryMembersSimple;net.sourceforge.jwbf.core.actions.util.ActionException
net.sourceforge.jwbf.mediawiki.actions.queries.CategoryMembersSimple;net.sourceforge.jwbf.core.actions.util.ProcessException
net.sourceforge.jwbf.mediawiki.actions.queries.CategoryMembersSimple;net.sourceforge.jwbf.mediawiki.actions.MediaWiki$Version
net.sourceforge.jwbf.mediawiki.actions.queries.CategoryMembersSimple;net.sourceforge.jwbf.mediawiki.actions.queries.CategoryMembers
net.sourceforge.jwbf.mediawiki.actions.queries.CategoryMembersSimple;net.sourceforge.jwbf.mediawiki.actions.queries.CategoryMembersSimple$1
net.sourceforge.jwbf.mediawiki.actions.queries.CategoryMembersSimple;net.sourceforge.jwbf.mediawiki.actions.util.SupportedBy
net.sourceforge.jwbf.mediawiki.actions.queries.CategoryMembersSimple;net.sourceforge.jwbf.mediawiki.bots.MediaWikiBot
net.sourceforge.jwbf.mediawiki.actions.queries.CategoryMembersSimple$1;net.sourceforge.jwbf.core.actions.Get
net.sourceforge.jwbf.mediawiki.actions.queries.CategoryMembersSimple$1;net.sourceforge.jwbf.core.actions.util.HttpAction
net.sourceforge.jwbf.mediawiki.actions.queries.CategoryMembersSimple$1;net.sourceforge.jwbf.core.actions.util.ProcessException
net.sourceforge.jwbf.mediawiki.actions.queries.CategoryMembersSimple$1;net.sourceforge.jwbf.mediawiki.actions.queries.CategoryMembers
net.sourceforge.jwbf.mediawiki.actions.queries.CategoryMembersSimple$1;net.sourceforge.jwbf.mediawiki.actions.queries.CategoryMembersSimple
net.sourceforge.jwbf.mediawiki.actions.queries.CategoryMembersSimple$1;net.sourceforge.jwbf.mediawiki.bots.MediaWikiBot
net.sourceforge.jwbf.mediawiki.actions.queries.ImageInfo;net.sourceforge.jwbf.core.actions.ContentProcessable
net.sourceforge.jwbf.mediawiki.actions.queries.ImageInfo;net.sourceforge.jwbf.core.actions.Get
net.sourceforge.jwbf.mediawiki.actions.queries.ImageInfo;net.sourceforge.jwbf.core.actions.util.ActionException
net.sourceforge.jwbf.mediawiki.actions.queries.ImageInfo;net.sourceforge.jwbf.core.actions.util.HttpAction
net.sourceforge.jwbf.mediawiki.actions.queries.ImageInfo;net.sourceforge.jwbf.core.actions.util.ProcessException
net.sourceforge.jwbf.mediawiki.actions.queries.ImageInfo;net.sourceforge.jwbf.mediawiki.actions.MediaWiki
net.sourceforge.jwbf.mediawiki.actions.queries.ImageInfo;net.sourceforge.jwbf.mediawiki.actions.MediaWiki$Version
net.sourceforge.jwbf.mediawiki.actions.queries.ImageInfo;net.sourceforge.jwbf.mediawiki.actions.util.MWAction
net.sourceforge.jwbf.mediawiki.actions.queries.ImageInfo;net.sourceforge.jwbf.mediawiki.actions.util.SupportedBy
net.sourceforge.jwbf.mediawiki.actions.queries.ImageInfo;net.sourceforge.jwbf.mediawiki.actions.util.VersionException
net.sourceforge.jwbf.mediawiki.actions.queries.ImageInfo;net.sourceforge.jwbf.mediawiki.bots.MediaWikiBot
net.sourceforge.jwbf.mediawiki.actions.queries.ImageUsageTitles;net.sourceforge.jwbf.core.actions.Get
net.sourceforge.jwbf.mediawiki.actions.queries.ImageUsageTitles;net.sourceforge.jwbf.core.actions.util.HttpAction
net.sourceforge.jwbf.mediawiki.actions.queries.ImageUsageTitles;net.sourceforge.jwbf.mediawiki.actions.MediaWiki
net.sourceforge.jwbf.mediawiki.actions.queries.ImageUsageTitles;net.sourceforge.jwbf.mediawiki.actions.MediaWiki$Version
net.sourceforge.jwbf.mediawiki.actions.queries.ImageUsageTitles;net.sourceforge.jwbf.mediawiki.actions.queries.ImageUsageTitles$1
net.sourceforge.jwbf.mediawiki.actions.queries.ImageUsageTitles;net.sourceforge.jwbf.mediawiki.actions.queries.ImageUsageTitles$DefaultHandler
net.sourceforge.jwbf.mediawiki.actions.queries.ImageUsageTitles;net.sourceforge.jwbf.mediawiki.actions.queries.ImageUsageTitles$Mw1_09Handler
net.sourceforge.jwbf.mediawiki.actions.queries.ImageUsageTitles;net.sourceforge.jwbf.mediawiki.actions.queries.ImageUsageTitles$Mw1_11Handler
net.sourceforge.jwbf.mediawiki.actions.queries.ImageUsageTitles;net.sourceforge.jwbf.mediawiki.actions.queries.ImageUsageTitles$VersionHandler
net.sourceforge.jwbf.mediawiki.actions.queries.ImageUsageTitles;net.sourceforge.jwbf.mediawiki.actions.queries.TitleQuery
net.sourceforge.jwbf.mediawiki.actions.queries.ImageUsageTitles;net.sourceforge.jwbf.mediawiki.actions.util.MWAction
net.sourceforge.jwbf.mediawiki.actions.queries.ImageUsageTitles;net.sourceforge.jwbf.mediawiki.actions.util.SupportedBy
net.sourceforge.jwbf.mediawiki.actions.queries.ImageUsageTitles;net.sourceforge.jwbf.mediawiki.actions.util.VersionException
net.sourceforge.jwbf.mediawiki.actions.queries.ImageUsageTitles;net.sourceforge.jwbf.mediawiki.bots.MediaWikiBot
net.sourceforge.jwbf.mediawiki.actions.queries.ImageUsageTitles$1;net.sourceforge.jwbf.mediawiki.actions.MediaWiki$Version
net.sourceforge.jwbf.mediawiki.actions.queries.ImageUsageTitles$DefaultHandler;net.sourceforge.jwbf.core.actions.Get
net.sourceforge.jwbf.mediawiki.actions.queries.ImageUsageTitles$DefaultHandler;net.sourceforge.jwbf.mediawiki.actions.MediaWiki
net.sourceforge.jwbf.mediawiki.actions.queries.ImageUsageTitles$DefaultHandler;net.sourceforge.jwbf.mediawiki.actions.queries.ImageUsageTitles
net.sourceforge.jwbf.mediawiki.actions.queries.ImageUsageTitles$DefaultHandler;net.sourceforge.jwbf.mediawiki.actions.queries.ImageUsageTitles$1
net.sourceforge.jwbf.mediawiki.actions.queries.ImageUsageTitles$DefaultHandler;net.sourceforge.jwbf.mediawiki.actions.queries.ImageUsageTitles$VersionHandler
net.sourceforge.jwbf.mediawiki.actions.queries.ImageUsageTitles$Mw1_09Handler;net.sourceforge.jwbf.core.actions.Get
net.sourceforge.jwbf.mediawiki.actions.queries.ImageUsageTitles$Mw1_09Handler;net.sourceforge.jwbf.mediawiki.actions.MediaWiki
net.sourceforge.jwbf.mediawiki.actions.queries.ImageUsageTitles$Mw1_09Handler;net.sourceforge.jwbf.mediawiki.actions.queries.ImageUsageTitles
net.sourceforge.jwbf.mediawiki.actions.queries.ImageUsageTitles$Mw1_09Handler;net.sourceforge.jwbf.mediawiki.actions.queries.ImageUsageTitles$1
net.sourceforge.jwbf.mediawiki.actions.queries.ImageUsageTitles$Mw1_09Handler;net.sourceforge.jwbf.mediawiki.actions.queries.ImageUsageTitles$VersionHandler
net.sourceforge.jwbf.mediawiki.actions.queries.ImageUsageTitles$Mw1_11Handler;net.sourceforge.jwbf.core.actions.Get
net.sourceforge.jwbf.mediawiki.actions.queries.ImageUsageTitles$Mw1_11Handler;net.sourceforge.jwbf.mediawiki.actions.MediaWiki
net.sourceforge.jwbf.mediawiki.actions.queries.ImageUsageTitles$Mw1_11Handler;net.sourceforge.jwbf.mediawiki.actions.queries.ImageUsageTitles
net.sourceforge.jwbf.mediawiki.actions.queries.ImageUsageTitles$Mw1_11Handler;net.sourceforge.jwbf.mediawiki.actions.queries.ImageUsageTitles$1
net.sourceforge.jwbf.mediawiki.actions.queries.ImageUsageTitles$Mw1_11Handler;net.sourceforge.jwbf.mediawiki.actions.queries.ImageUsageTitles$VersionHandler
net.sourceforge.jwbf.mediawiki.actions.queries.ImageUsageTitles$VersionHandler;net.sourceforge.jwbf.core.actions.Get
net.sourceforge.jwbf.mediawiki.actions.queries.ImageUsageTitles$VersionHandler;net.sourceforge.jwbf.mediawiki.actions.queries.ImageUsageTitles
net.sourceforge.jwbf.mediawiki.actions.queries.LogEvents;net.sourceforge.jwbf.core.actions.ContentProcessable
net.sourceforge.jwbf.mediawiki.actions.queries.LogEvents;net.sourceforge.jwbf.core.actions.Get
net.sourceforge.jwbf.mediawiki.actions.queries.LogEvents;net.sourceforge.jwbf.core.actions.util.ActionException
net.sourceforge.jwbf.mediawiki.actions.queries.LogEvents;net.sourceforge.jwbf.core.actions.util.HttpAction
net.sourceforge.jwbf.mediawiki.actions.queries.LogEvents;net.sourceforge.jwbf.core.actions.util.ProcessException
net.sourceforge.jwbf.mediawiki.actions.queries.LogEvents;net.sourceforge.jwbf.mediawiki.actions.MediaWiki$Version
net.sourceforge.jwbf.mediawiki.actions.queries.LogEvents;net.sourceforge.jwbf.mediawiki.actions.util.MWAction
net.sourceforge.jwbf.mediawiki.actions.queries.LogEvents;net.sourceforge.jwbf.mediawiki.actions.util.SupportedBy
net.sourceforge.jwbf.mediawiki.actions.queries.LogEvents;net.sourceforge.jwbf.mediawiki.actions.util.VersionException
net.sourceforge.jwbf.mediawiki.actions.queries.LogEvents;net.sourceforge.jwbf.mediawiki.bots.MediaWikiBot
net.sourceforge.jwbf.mediawiki.actions.queries.LogEvents;net.sourceforge.jwbf.mediawiki.contentRep.LogItem
net.sourceforge.jwbf.mediawiki.actions.queries.RecentchangeTitles;net.sourceforge.jwbf.core.actions.Get
net.sourceforge.jwbf.mediawiki.actions.queries.RecentchangeTitles;net.sourceforge.jwbf.core.actions.util.HttpAction
net.sourceforge.jwbf.mediawiki.actions.queries.RecentchangeTitles;net.sourceforge.jwbf.mediawiki.actions.MediaWiki
net.sourceforge.jwbf.mediawiki.actions.queries.RecentchangeTitles;net.sourceforge.jwbf.mediawiki.actions.MediaWiki$Version
net.sourceforge.jwbf.mediawiki.actions.queries.RecentchangeTitles;net.sourceforge.jwbf.mediawiki.actions.queries.RecentchangeTitles$RecentInnerAction
net.sourceforge.jwbf.mediawiki.actions.queries.RecentchangeTitles;net.sourceforge.jwbf.mediawiki.actions.queries.TitleQuery
net.sourceforge.jwbf.mediawiki.actions.queries.RecentchangeTitles;net.sourceforge.jwbf.mediawiki.actions.queries.TitleQuery$InnerAction
net.sourceforge.jwbf.mediawiki.actions.queries.RecentchangeTitles;net.sourceforge.jwbf.mediawiki.actions.util.MWAction
net.sourceforge.jwbf.mediawiki.actions.queries.RecentchangeTitles;net.sourceforge.jwbf.mediawiki.actions.util.SupportedBy
net.sourceforge.jwbf.mediawiki.actions.queries.RecentchangeTitles;net.sourceforge.jwbf.mediawiki.actions.util.VersionException
net.sourceforge.jwbf.mediawiki.actions.queries.RecentchangeTitles;net.sourceforge.jwbf.mediawiki.bots.MediaWikiBot
net.sourceforge.jwbf.mediawiki.actions.queries.RecentchangeTitles$RecentInnerAction;net.sourceforge.jwbf.core.actions.util.ProcessException
net.sourceforge.jwbf.mediawiki.actions.queries.RecentchangeTitles$RecentInnerAction;net.sourceforge.jwbf.mediawiki.actions.MediaWiki$Version
net.sourceforge.jwbf.mediawiki.actions.queries.RecentchangeTitles$RecentInnerAction;net.sourceforge.jwbf.mediawiki.actions.queries.RecentchangeTitles
net.sourceforge.jwbf.mediawiki.actions.queries.RecentchangeTitles$RecentInnerAction;net.sourceforge.jwbf.mediawiki.actions.queries.TitleQuery
net.sourceforge.jwbf.mediawiki.actions.queries.RecentchangeTitles$RecentInnerAction;net.sourceforge.jwbf.mediawiki.actions.queries.TitleQuery$InnerAction
net.sourceforge.jwbf.mediawiki.actions.queries.RecentchangeTitles$RecentInnerAction;net.sourceforge.jwbf.mediawiki.actions.util.VersionException
net.sourceforge.jwbf.mediawiki.actions.queries.TemplateUserTitles;net.sourceforge.jwbf.core.actions.Get
net.sourceforge.jwbf.mediawiki.actions.queries.TemplateUserTitles;net.sourceforge.jwbf.core.actions.util.HttpAction
net.sourceforge.jwbf.mediawiki.actions.queries.TemplateUserTitles;net.sourceforge.jwbf.core.actions.util.ProcessException
net.sourceforge.jwbf.mediawiki.actions.queries.TemplateUserTitles;net.sourceforge.jwbf.mediawiki.actions.MediaWiki
net.sourceforge.jwbf.mediawiki.actions.queries.TemplateUserTitles;net.sourceforge.jwbf.mediawiki.actions.MediaWiki$Version
net.sourceforge.jwbf.mediawiki.actions.queries.TemplateUserTitles;net.sourceforge.jwbf.mediawiki.actions.queries.TemplateUserTitles$1
net.sourceforge.jwbf.mediawiki.actions.queries.TemplateUserTitles;net.sourceforge.jwbf.mediawiki.actions.queries.TitleQuery
net.sourceforge.jwbf.mediawiki.actions.queries.TemplateUserTitles;net.sourceforge.jwbf.mediawiki.actions.util.MWAction
net.sourceforge.jwbf.mediawiki.actions.queries.TemplateUserTitles;net.sourceforge.jwbf.mediawiki.actions.util.SupportedBy
net.sourceforge.jwbf.mediawiki.actions.queries.TemplateUserTitles;net.sourceforge.jwbf.mediawiki.actions.util.VersionException
net.sourceforge.jwbf.mediawiki.actions.queries.TemplateUserTitles;net.sourceforge.jwbf.mediawiki.bots.MediaWikiBot
net.sourceforge.jwbf.mediawiki.actions.queries.TemplateUserTitles$1;net.sourceforge.jwbf.mediawiki.actions.MediaWiki$Version
net.sourceforge.jwbf.mediawiki.actions.queries.TitleQuery;net.sourceforge.jwbf.core.actions.ContentProcessable
net.sourceforge.jwbf.mediawiki.actions.queries.TitleQuery;net.sourceforge.jwbf.core.actions.util.ActionException
net.sourceforge.jwbf.mediawiki.actions.queries.TitleQuery;net.sourceforge.jwbf.core.actions.util.HttpAction
net.sourceforge.jwbf.mediawiki.actions.queries.TitleQuery;net.sourceforge.jwbf.core.actions.util.ProcessException
net.sourceforge.jwbf.mediawiki.actions.queries.TitleQuery;net.sourceforge.jwbf.mediawiki.actions.MediaWiki$Version
net.sourceforge.jwbf.mediawiki.actions.queries.TitleQuery;net.sourceforge.jwbf.mediawiki.actions.queries.TitleQuery$InnerAction
net.sourceforge.jwbf.mediawiki.actions.queries.TitleQuery;net.sourceforge.jwbf.mediawiki.actions.util.VersionException
net.sourceforge.jwbf.mediawiki.actions.queries.TitleQuery;net.sourceforge.jwbf.mediawiki.bots.MediaWikiBot
net.sourceforge.jwbf.mediawiki.actions.queries.TitleQuery$InnerAction;net.sourceforge.jwbf.core.actions.util.HttpAction
net.sourceforge.jwbf.mediawiki.actions.queries.TitleQuery$InnerAction;net.sourceforge.jwbf.core.actions.util.ProcessException
net.sourceforge.jwbf.mediawiki.actions.queries.TitleQuery$InnerAction;net.sourceforge.jwbf.mediawiki.actions.MediaWiki$Version
net.sourceforge.jwbf.mediawiki.actions.queries.TitleQuery$InnerAction;net.sourceforge.jwbf.mediawiki.actions.queries.TitleQuery
net.sourceforge.jwbf.mediawiki.actions.queries.TitleQuery$InnerAction;net.sourceforge.jwbf.mediawiki.actions.util.MWAction
net.sourceforge.jwbf.mediawiki.actions.queries.TitleQuery$InnerAction;net.sourceforge.jwbf.mediawiki.actions.util.VersionException
net.sourceforge.jwbf.mediawiki.actions.util.ApiException;net.sourceforge.jwbf.core.actions.util.ProcessException
net.sourceforge.jwbf.mediawiki.actions.util.MWAction;net.sourceforge.jwbf.core.actions.ContentProcessable
net.sourceforge.jwbf.mediawiki.actions.util.MWAction;net.sourceforge.jwbf.core.actions.util.HttpAction
net.sourceforge.jwbf.mediawiki.actions.util.MWAction;net.sourceforge.jwbf.core.actions.util.ProcessException
net.sourceforge.jwbf.mediawiki.actions.util.MWAction;net.sourceforge.jwbf.mediawiki.actions.MediaWiki$Version
net.sourceforge.jwbf.mediawiki.actions.util.MWAction;net.sourceforge.jwbf.mediawiki.actions.util.SupportedBy
net.sourceforge.jwbf.mediawiki.actions.util.MWAction;net.sourceforge.jwbf.mediawiki.actions.util.VersionException
net.sourceforge.jwbf.mediawiki.actions.util.RedirectFilter;net.sourceforge.jwbf.mediawiki.actions.util.RedirectFilter[]
net.sourceforge.jwbf.mediawiki.actions.util.SupportedBy;net.sourceforge.jwbf.mediawiki.actions.MediaWiki$Version
net.sourceforge.jwbf.mediawiki.actions.util.VersionException;net.sourceforge.jwbf.core.actions.util.ProcessException
net.sourceforge.jwbf.mediawiki.bots.MediaWikiAdapterBot;net.sourceforge.jwbf.core.actions.ContentProcessable
net.sourceforge.jwbf.mediawiki.bots.MediaWikiAdapterBot;net.sourceforge.jwbf.core.actions.util.ActionException
net.sourceforge.jwbf.mediawiki.bots.MediaWikiAdapterBot;net.sourceforge.jwbf.core.actions.util.ProcessException
net.sourceforge.jwbf.mediawiki.bots.MediaWikiAdapterBot;net.sourceforge.jwbf.core.contentRep.SimpleArticle
net.sourceforge.jwbf.mediawiki.bots.MediaWikiAdapterBot;net.sourceforge.jwbf.mediawiki.actions.editing.FileUpload
net.sourceforge.jwbf.mediawiki.bots.MediaWikiAdapterBot;net.sourceforge.jwbf.mediawiki.actions.queries.AllPageTitles
net.sourceforge.jwbf.mediawiki.bots.MediaWikiAdapterBot;net.sourceforge.jwbf.mediawiki.actions.queries.BacklinkTitles
net.sourceforge.jwbf.mediawiki.bots.MediaWikiAdapterBot;net.sourceforge.jwbf.mediawiki.actions.queries.CategoryMembersFull
net.sourceforge.jwbf.mediawiki.bots.MediaWikiAdapterBot;net.sourceforge.jwbf.mediawiki.actions.queries.CategoryMembersSimple
net.sourceforge.jwbf.mediawiki.bots.MediaWikiAdapterBot;net.sourceforge.jwbf.mediawiki.actions.queries.ImageInfo
net.sourceforge.jwbf.mediawiki.bots.MediaWikiAdapterBot;net.sourceforge.jwbf.mediawiki.actions.queries.ImageUsageTitles
net.sourceforge.jwbf.mediawiki.bots.MediaWikiAdapterBot;net.sourceforge.jwbf.mediawiki.actions.queries.LogEvents
net.sourceforge.jwbf.mediawiki.bots.MediaWikiAdapterBot;net.sourceforge.jwbf.mediawiki.actions.queries.RecentchangeTitles
net.sourceforge.jwbf.mediawiki.bots.MediaWikiAdapterBot;net.sourceforge.jwbf.mediawiki.actions.queries.TemplateUserTitles
net.sourceforge.jwbf.mediawiki.bots.MediaWikiAdapterBot;net.sourceforge.jwbf.mediawiki.actions.util.RedirectFilter
net.sourceforge.jwbf.mediawiki.bots.MediaWikiAdapterBot;net.sourceforge.jwbf.mediawiki.actions.util.VersionException
net.sourceforge.jwbf.mediawiki.bots.MediaWikiAdapterBot;net.sourceforge.jwbf.mediawiki.bots.MediaWikiBot
net.sourceforge.jwbf.mediawiki.bots.MediaWikiAdapterBot;net.sourceforge.jwbf.mediawiki.contentRep.SimpleFile
net.sourceforge.jwbf.mediawiki.bots.MediaWikiBot;net.sourceforge.jwbf.core.actions.ContentProcessable
net.sourceforge.jwbf.mediawiki.bots.MediaWikiBot;net.sourceforge.jwbf.core.actions.HttpActionClient
net.sourceforge.jwbf.mediawiki.bots.MediaWikiBot;net.sourceforge.jwbf.core.actions.util.ActionException
net.sourceforge.jwbf.mediawiki.bots.MediaWikiBot;net.sourceforge.jwbf.core.actions.util.ProcessException
net.sourceforge.jwbf.mediawiki.bots.MediaWikiBot;net.sourceforge.jwbf.core.bots.HttpBot
net.sourceforge.jwbf.mediawiki.bots.MediaWikiBot;net.sourceforge.jwbf.core.bots.WikiBot
net.sourceforge.jwbf.mediawiki.bots.MediaWikiBot;net.sourceforge.jwbf.core.bots.util.CacheHandler
net.sourceforge.jwbf.mediawiki.bots.MediaWikiBot;net.sourceforge.jwbf.core.bots.util.JwbfException
net.sourceforge.jwbf.mediawiki.bots.MediaWikiBot;net.sourceforge.jwbf.core.contentRep.Article
net.sourceforge.jwbf.mediawiki.bots.MediaWikiBot;net.sourceforge.jwbf.core.contentRep.SimpleArticle
net.sourceforge.jwbf.mediawiki.bots.MediaWikiBot;net.sourceforge.jwbf.core.contentRep.Userinfo
net.sourceforge.jwbf.mediawiki.bots.MediaWikiBot;net.sourceforge.jwbf.mediawiki.actions.MediaWiki
net.sourceforge.jwbf.mediawiki.bots.MediaWikiBot;net.sourceforge.jwbf.mediawiki.actions.MediaWiki$Version
net.sourceforge.jwbf.mediawiki.bots.MediaWikiBot;net.sourceforge.jwbf.mediawiki.actions.editing.GetRevision
net.sourceforge.jwbf.mediawiki.bots.MediaWikiBot;net.sourceforge.jwbf.mediawiki.actions.editing.PostDelete
net.sourceforge.jwbf.mediawiki.bots.MediaWikiBot;net.sourceforge.jwbf.mediawiki.actions.editing.PostModifyContent
net.sourceforge.jwbf.mediawiki.bots.MediaWikiBot;net.sourceforge.jwbf.mediawiki.actions.login.PostLogin
net.sourceforge.jwbf.mediawiki.bots.MediaWikiBot;net.sourceforge.jwbf.mediawiki.actions.login.PostLoginOld
net.sourceforge.jwbf.mediawiki.bots.MediaWikiBot;net.sourceforge.jwbf.mediawiki.actions.meta.GetUserinfo
net.sourceforge.jwbf.mediawiki.bots.MediaWikiBot;net.sourceforge.jwbf.mediawiki.actions.meta.GetVersion
net.sourceforge.jwbf.mediawiki.bots.MediaWikiBot;net.sourceforge.jwbf.mediawiki.actions.meta.Siteinfo
net.sourceforge.jwbf.mediawiki.bots.MediaWikiBot;net.sourceforge.jwbf.mediawiki.actions.util.VersionException
net.sourceforge.jwbf.mediawiki.bots.MediaWikiBot;net.sourceforge.jwbf.mediawiki.bots.MediaWikiBot$1
net.sourceforge.jwbf.mediawiki.bots.MediaWikiBot;net.sourceforge.jwbf.mediawiki.bots.MediaWikiBot$2
net.sourceforge.jwbf.mediawiki.bots.MediaWikiBot;net.sourceforge.jwbf.mediawiki.bots.MediaWikiBot$3
net.sourceforge.jwbf.mediawiki.bots.MediaWikiBot;net.sourceforge.jwbf.mediawiki.contentRep.LoginData
net.sourceforge.jwbf.mediawiki.bots.MediaWikiBot$1;net.sourceforge.jwbf.core.contentRep.Userinfo
net.sourceforge.jwbf.mediawiki.bots.MediaWikiBot$1;net.sourceforge.jwbf.mediawiki.bots.MediaWikiBot
net.sourceforge.jwbf.mediawiki.bots.MediaWikiBot$1;net.sourceforge.jwbf.mediawiki.contentRep.LoginData
net.sourceforge.jwbf.mediawiki.bots.MediaWikiBot$2;net.sourceforge.jwbf.core.contentRep.Userinfo
net.sourceforge.jwbf.mediawiki.bots.MediaWikiBot$2;net.sourceforge.jwbf.mediawiki.bots.MediaWikiBot
net.sourceforge.jwbf.mediawiki.bots.MediaWikiBot$3;net.sourceforge.jwbf.mediawiki.actions.MediaWiki$Version
net.sourceforge.jwbf.mediawiki.bots.MediaWikiThreadBot;net.sourceforge.jwbf.mediawiki.bots.MediaWikiBot
net.sourceforge.jwbf.mediawiki.contentRep.SimpleFile;net.sourceforge.jwbf.core.contentRep.SimpleArticle
net.sourceforge.jwbf.trac.actions.GetRevision;net.sourceforge.jwbf.core.actions.ContentProcessable
net.sourceforge.jwbf.trac.actions.GetRevision;net.sourceforge.jwbf.core.actions.Get
net.sourceforge.jwbf.trac.actions.GetRevision;net.sourceforge.jwbf.core.actions.util.HttpAction
net.sourceforge.jwbf.trac.actions.GetRevision;net.sourceforge.jwbf.core.actions.util.ProcessException
net.sourceforge.jwbf.trac.actions.GetRevision;net.sourceforge.jwbf.core.contentRep.SimpleArticle
net.sourceforge.jwbf.zim.actions.AllPageTitles;net.sourceforge.jwbf.zim.actions.AllPageTitles$1
net.sourceforge.jwbf.zim.actions.AllPageTitles;net.sourceforge.jwbf.zim.bots.ZimWikiBot
net.sourceforge.jwbf.zim.actions.AllPageTitles$1;net.sourceforge.jwbf.zim.actions.AllPageTitles
net.sourceforge.jwbf.zim.bots.ZimWikiBot;net.sourceforge.jwbf.core.actions.util.ActionException
net.sourceforge.jwbf.zim.bots.ZimWikiBot;net.sourceforge.jwbf.core.actions.util.ProcessException
net.sourceforge.jwbf.zim.bots.ZimWikiBot;net.sourceforge.jwbf.core.bots.WikiBot
net.sourceforge.jwbf.zim.bots.ZimWikiBot;net.sourceforge.jwbf.core.bots.util.CacheHandler
net.sourceforge.jwbf.zim.bots.ZimWikiBot;net.sourceforge.jwbf.core.contentRep.Article
net.sourceforge.jwbf.zim.bots.ZimWikiBot;net.sourceforge.jwbf.core.contentRep.SimpleArticle
net.sourceforge.jwbf.zim.bots.ZimWikiBot;net.sourceforge.jwbf.core.contentRep.Userinfo
net.sourceforge.jwbf.zim.bots.ZimWikiBot;net.sourceforge.jwbf.zim.bots.ZimWikiBot$1
net.sourceforge.jwbf.zim.bots.ZimWikiBot$1;net.sourceforge.jwbf.core.contentRep.Userinfo
net.sourceforge.jwbf.zim.bots.ZimWikiBot$1;net.sourceforge.jwbf.zim.bots.ZimWikiBot
