net.sf.xisemele.api.Attribute;net.sf.xisemele.api.Value
net.sf.xisemele.api.Editor;net.sf.xisemele.api.Element
net.sf.xisemele.api.Editor;net.sf.xisemele.api.Result
net.sf.xisemele.api.Editor;net.sf.xisemele.exception.AttributeNotPermittedException
net.sf.xisemele.api.Editor;net.sf.xisemele.exception.ElementNotFoundException
net.sf.xisemele.api.Editor;net.sf.xisemele.exception.InvalidNameException
net.sf.xisemele.api.Editor;net.sf.xisemele.exception.NotWithinContextException
net.sf.xisemele.api.Editor;net.sf.xisemele.exception.RemoveRootNotPermittedException
net.sf.xisemele.api.Editor;net.sf.xisemele.exception.RootDuplicateException
net.sf.xisemele.api.Editor;net.sf.xisemele.exception.ValueNotPermittedException
net.sf.xisemele.api.Editor;net.sf.xisemele.exception.WithinContextDuplicateException
net.sf.xisemele.api.Editor;net.sf.xisemele.exception.WithinContextNotPermittedException
net.sf.xisemele.api.Element;net.sf.xisemele.api.Value
net.sf.xisemele.api.Element;net.sf.xisemele.api.ValueList
net.sf.xisemele.api.Element;net.sf.xisemele.exception.ChildNotFoundException
net.sf.xisemele.api.Element;net.sf.xisemele.exception.ElementIndexOutOfBoundsException
net.sf.xisemele.api.Reader;net.sf.xisemele.api.Element
net.sf.xisemele.api.Reader;net.sf.xisemele.exception.ElementNotFoundException
net.sf.xisemele.api.Result;net.sf.xisemele.exception.TransformException
net.sf.xisemele.api.Result;net.sf.xisemele.exception.XisemeleIOException
net.sf.xisemele.api.Value;net.sf.xisemele.exception.FormatterNotConfiguredException
net.sf.xisemele.api.ValueList;net.sf.xisemele.exception.FormatterNotConfiguredException
net.sf.xisemele.api.Writer;net.sf.xisemele.api.Element
net.sf.xisemele.api.Writer;net.sf.xisemele.api.Result
net.sf.xisemele.api.Writer;net.sf.xisemele.exception.AttributeNotPermittedException
net.sf.xisemele.api.Writer;net.sf.xisemele.exception.InvalidNameException
net.sf.xisemele.api.Writer;net.sf.xisemele.exception.NotWithinContextException
net.sf.xisemele.api.Writer;net.sf.xisemele.exception.RootDuplicateException
net.sf.xisemele.api.Writer;net.sf.xisemele.exception.WithinContextNotPermittedException
net.sf.xisemele.api.Xisemele;net.sf.xisemele.api.Editor
net.sf.xisemele.api.Xisemele;net.sf.xisemele.api.Formatter
net.sf.xisemele.api.Xisemele;net.sf.xisemele.api.Reader
net.sf.xisemele.api.Xisemele;net.sf.xisemele.api.Writer
net.sf.xisemele.api.Xisemele;net.sf.xisemele.exception.ParseXMLException
net.sf.xisemele.exception.AttributeNotPermittedException;net.sf.xisemele.exception.XisemeleException
net.sf.xisemele.exception.ChildNotFoundException;net.sf.xisemele.exception.XisemeleException
net.sf.xisemele.exception.ElementIndexOutOfBoundsException;net.sf.xisemele.exception.XisemeleException
net.sf.xisemele.exception.ElementNotFoundException;net.sf.xisemele.exception.XisemeleException
net.sf.xisemele.exception.FormatterException;net.sf.xisemele.exception.XisemeleException
net.sf.xisemele.exception.FormatterNotConfiguredException;net.sf.xisemele.exception.XisemeleException
net.sf.xisemele.exception.InvalidNameException;net.sf.xisemele.exception.XisemeleException
net.sf.xisemele.exception.NotWithinContextException;net.sf.xisemele.exception.XisemeleException
net.sf.xisemele.exception.ParseXMLException;net.sf.xisemele.exception.XisemeleException
net.sf.xisemele.exception.RemoveRootNotPermittedException;net.sf.xisemele.exception.XisemeleException
net.sf.xisemele.exception.RootDuplicateException;net.sf.xisemele.exception.XisemeleException
net.sf.xisemele.exception.TransformException;net.sf.xisemele.exception.XisemeleException
net.sf.xisemele.exception.ValueNotPermittedException;net.sf.xisemele.exception.XisemeleException
net.sf.xisemele.exception.WithinContextDuplicateException;net.sf.xisemele.exception.XisemeleException
net.sf.xisemele.exception.WithinContextNotPermittedException;net.sf.xisemele.exception.XisemeleException
net.sf.xisemele.exception.XisemeleIOException;net.sf.xisemele.exception.XisemeleException
net.sf.xisemele.impl.AttributeImpl;net.sf.xisemele.api.Attribute
net.sf.xisemele.impl.AttributeImpl;net.sf.xisemele.api.Value
net.sf.xisemele.impl.DateFormatter;net.sf.xisemele.api.Formatter
net.sf.xisemele.impl.DateFormatter;net.sf.xisemele.exception.FormatterException
net.sf.xisemele.impl.EditorImpl;net.sf.xisemele.api.Editor
net.sf.xisemele.impl.EditorImpl;net.sf.xisemele.api.Element
net.sf.xisemele.impl.EditorImpl;net.sf.xisemele.api.Result
net.sf.xisemele.impl.EditorImpl;net.sf.xisemele.exception.AttributeNotPermittedException
net.sf.xisemele.impl.EditorImpl;net.sf.xisemele.exception.ElementNotFoundException
net.sf.xisemele.impl.EditorImpl;net.sf.xisemele.exception.NotWithinContextException
net.sf.xisemele.impl.EditorImpl;net.sf.xisemele.exception.RemoveRootNotPermittedException
net.sf.xisemele.impl.EditorImpl;net.sf.xisemele.exception.RootDuplicateException
net.sf.xisemele.impl.EditorImpl;net.sf.xisemele.exception.ValueNotPermittedException
net.sf.xisemele.impl.EditorImpl;net.sf.xisemele.exception.WithinContextDuplicateException
net.sf.xisemele.impl.EditorImpl;net.sf.xisemele.exception.WithinContextNotPermittedException
net.sf.xisemele.impl.EditorImpl;net.sf.xisemele.impl.WriterEditor
net.sf.xisemele.impl.ElementImpl;net.sf.xisemele.api.Element
net.sf.xisemele.impl.ElementImpl;net.sf.xisemele.api.Value
net.sf.xisemele.impl.ElementImpl;net.sf.xisemele.api.ValueList
net.sf.xisemele.impl.ElementImpl;net.sf.xisemele.exception.ChildNotFoundException
net.sf.xisemele.impl.ElementImpl;net.sf.xisemele.exception.ElementIndexOutOfBoundsException
net.sf.xisemele.impl.ElementImpl;net.sf.xisemele.impl.Factory
net.sf.xisemele.impl.ElementImpl;net.sf.xisemele.impl.Operations
net.sf.xisemele.impl.Factory;net.sf.xisemele.api.Editor
net.sf.xisemele.impl.Factory;net.sf.xisemele.api.Element
net.sf.xisemele.impl.Factory;net.sf.xisemele.api.Formatter
net.sf.xisemele.impl.Factory;net.sf.xisemele.api.Reader
net.sf.xisemele.impl.Factory;net.sf.xisemele.api.Result
net.sf.xisemele.impl.Factory;net.sf.xisemele.api.Value
net.sf.xisemele.impl.Factory;net.sf.xisemele.api.ValueList
net.sf.xisemele.impl.Factory;net.sf.xisemele.api.Writer
net.sf.xisemele.impl.Factory;net.sf.xisemele.exception.XisemeleIOException
net.sf.xisemele.impl.Factory;net.sf.xisemele.impl.Message
net.sf.xisemele.impl.Factory;net.sf.xisemele.impl.Operations
net.sf.xisemele.impl.Factory;net.sf.xisemele.impl.Validations
net.sf.xisemele.impl.Factory;net.sf.xisemele.impl.WithinContext
net.sf.xisemele.impl.FactoryImpl;net.sf.xisemele.api.Editor
net.sf.xisemele.impl.FactoryImpl;net.sf.xisemele.api.Element
net.sf.xisemele.impl.FactoryImpl;net.sf.xisemele.api.Formatter
net.sf.xisemele.impl.FactoryImpl;net.sf.xisemele.api.Reader
net.sf.xisemele.impl.FactoryImpl;net.sf.xisemele.api.Result
net.sf.xisemele.impl.FactoryImpl;net.sf.xisemele.api.Value
net.sf.xisemele.impl.FactoryImpl;net.sf.xisemele.api.ValueList
net.sf.xisemele.impl.FactoryImpl;net.sf.xisemele.api.Writer
net.sf.xisemele.impl.FactoryImpl;net.sf.xisemele.exception.XisemeleIOException
net.sf.xisemele.impl.FactoryImpl;net.sf.xisemele.impl.AttributeImpl
net.sf.xisemele.impl.FactoryImpl;net.sf.xisemele.impl.DateFormatter
net.sf.xisemele.impl.FactoryImpl;net.sf.xisemele.impl.EditorImpl
net.sf.xisemele.impl.FactoryImpl;net.sf.xisemele.impl.ElementImpl
net.sf.xisemele.impl.FactoryImpl;net.sf.xisemele.impl.Factory
net.sf.xisemele.impl.FactoryImpl;net.sf.xisemele.impl.FormatterProvider
net.sf.xisemele.impl.FactoryImpl;net.sf.xisemele.impl.Message
net.sf.xisemele.impl.FactoryImpl;net.sf.xisemele.impl.MessageImpl
net.sf.xisemele.impl.FactoryImpl;net.sf.xisemele.impl.NullErrorHandler
net.sf.xisemele.impl.FactoryImpl;net.sf.xisemele.impl.NullValue
net.sf.xisemele.impl.FactoryImpl;net.sf.xisemele.impl.Operations
net.sf.xisemele.impl.FactoryImpl;net.sf.xisemele.impl.OperationsHelper
net.sf.xisemele.impl.FactoryImpl;net.sf.xisemele.impl.OperationsHelperImpl
net.sf.xisemele.impl.FactoryImpl;net.sf.xisemele.impl.OperationsImpl
net.sf.xisemele.impl.FactoryImpl;net.sf.xisemele.impl.ReaderImpl
net.sf.xisemele.impl.FactoryImpl;net.sf.xisemele.impl.ResultImpl
net.sf.xisemele.impl.FactoryImpl;net.sf.xisemele.impl.Validations
net.sf.xisemele.impl.FactoryImpl;net.sf.xisemele.impl.ValidationsImpl
net.sf.xisemele.impl.FactoryImpl;net.sf.xisemele.impl.ValueImpl
net.sf.xisemele.impl.FactoryImpl;net.sf.xisemele.impl.ValueListImpl
net.sf.xisemele.impl.FactoryImpl;net.sf.xisemele.impl.WithinContext
net.sf.xisemele.impl.FactoryImpl;net.sf.xisemele.impl.WithinContextImpl
net.sf.xisemele.impl.FactoryImpl;net.sf.xisemele.impl.WriterEditor
net.sf.xisemele.impl.FactoryImpl;net.sf.xisemele.impl.WriterEditorImpl
net.sf.xisemele.impl.FactoryImpl;net.sf.xisemele.impl.WriterImpl
net.sf.xisemele.impl.FormatterProvider;net.sf.xisemele.api.Formatter
net.sf.xisemele.impl.FormatterProviderImpl;net.sf.xisemele.api.Formatter
net.sf.xisemele.impl.FormatterProviderImpl;net.sf.xisemele.impl.FormatterProvider
net.sf.xisemele.impl.MessageImpl;net.sf.xisemele.impl.Message
net.sf.xisemele.impl.NullValue;net.sf.xisemele.api.Value
net.sf.xisemele.impl.NullValue;net.sf.xisemele.exception.FormatterNotConfiguredException
net.sf.xisemele.impl.Operations;net.sf.xisemele.exception.ElementNotFoundException
net.sf.xisemele.impl.OperationsHelperImpl;net.sf.xisemele.impl.OperationsHelper
net.sf.xisemele.impl.OperationsImpl;net.sf.xisemele.exception.ElementNotFoundException
net.sf.xisemele.impl.OperationsImpl;net.sf.xisemele.impl.Operations
net.sf.xisemele.impl.OperationsImpl;net.sf.xisemele.impl.OperationsHelper
net.sf.xisemele.impl.ReaderImpl;net.sf.xisemele.api.Element
net.sf.xisemele.impl.ReaderImpl;net.sf.xisemele.api.Reader
net.sf.xisemele.impl.ReaderImpl;net.sf.xisemele.exception.ElementNotFoundException
net.sf.xisemele.impl.ReaderImpl;net.sf.xisemele.impl.Factory
net.sf.xisemele.impl.ReaderImpl;net.sf.xisemele.impl.Operations
net.sf.xisemele.impl.ResultImpl;net.sf.xisemele.api.Result
net.sf.xisemele.impl.ResultImpl;net.sf.xisemele.exception.TransformException
net.sf.xisemele.impl.ResultImpl;net.sf.xisemele.exception.XisemeleIOException
net.sf.xisemele.impl.ResultImpl;net.sf.xisemele.impl.Factory
net.sf.xisemele.impl.ResultImpl;net.sf.xisemele.impl.Validations
net.sf.xisemele.impl.Validations;net.sf.xisemele.exception.InvalidNameException
net.sf.xisemele.impl.ValidationsImpl;net.sf.xisemele.exception.InvalidNameException
net.sf.xisemele.impl.ValidationsImpl;net.sf.xisemele.impl.Factory
net.sf.xisemele.impl.ValidationsImpl;net.sf.xisemele.impl.Message
net.sf.xisemele.impl.ValidationsImpl;net.sf.xisemele.impl.Validations
net.sf.xisemele.impl.ValueImpl;net.sf.xisemele.api.Formatter
net.sf.xisemele.impl.ValueImpl;net.sf.xisemele.api.Value
net.sf.xisemele.impl.ValueImpl;net.sf.xisemele.exception.FormatterNotConfiguredException
net.sf.xisemele.impl.ValueImpl;net.sf.xisemele.impl.Factory
net.sf.xisemele.impl.ValueImpl;net.sf.xisemele.impl.FormatterProvider
net.sf.xisemele.impl.ValueImpl;net.sf.xisemele.impl.ValueImpl$1
net.sf.xisemele.impl.ValueImpl;net.sf.xisemele.impl.ValueImpl$10
net.sf.xisemele.impl.ValueImpl;net.sf.xisemele.impl.ValueImpl$11
net.sf.xisemele.impl.ValueImpl;net.sf.xisemele.impl.ValueImpl$12
net.sf.xisemele.impl.ValueImpl;net.sf.xisemele.impl.ValueImpl$2
net.sf.xisemele.impl.ValueImpl;net.sf.xisemele.impl.ValueImpl$3
net.sf.xisemele.impl.ValueImpl;net.sf.xisemele.impl.ValueImpl$4
net.sf.xisemele.impl.ValueImpl;net.sf.xisemele.impl.ValueImpl$5
net.sf.xisemele.impl.ValueImpl;net.sf.xisemele.impl.ValueImpl$6
net.sf.xisemele.impl.ValueImpl;net.sf.xisemele.impl.ValueImpl$7
net.sf.xisemele.impl.ValueImpl;net.sf.xisemele.impl.ValueImpl$8
net.sf.xisemele.impl.ValueImpl;net.sf.xisemele.impl.ValueImpl$9
net.sf.xisemele.impl.ValueImpl;net.sf.xisemele.impl.ValueImpl$Parser
net.sf.xisemele.impl.ValueImpl$1;net.sf.xisemele.impl.ValueImpl
net.sf.xisemele.impl.ValueImpl$1;net.sf.xisemele.impl.ValueImpl$Parser
net.sf.xisemele.impl.ValueImpl$10;net.sf.xisemele.impl.ValueImpl
net.sf.xisemele.impl.ValueImpl$10;net.sf.xisemele.impl.ValueImpl$Parser
net.sf.xisemele.impl.ValueImpl$11;net.sf.xisemele.impl.ValueImpl
net.sf.xisemele.impl.ValueImpl$11;net.sf.xisemele.impl.ValueImpl$Parser
net.sf.xisemele.impl.ValueImpl$12;net.sf.xisemele.exception.FormatterNotConfiguredException
net.sf.xisemele.impl.ValueImpl$12;net.sf.xisemele.impl.ValueImpl
net.sf.xisemele.impl.ValueImpl$12;net.sf.xisemele.impl.ValueImpl$Parser
net.sf.xisemele.impl.ValueImpl$2;net.sf.xisemele.impl.ValueImpl
net.sf.xisemele.impl.ValueImpl$2;net.sf.xisemele.impl.ValueImpl$Parser
net.sf.xisemele.impl.ValueImpl$3;net.sf.xisemele.impl.ValueImpl
net.sf.xisemele.impl.ValueImpl$3;net.sf.xisemele.impl.ValueImpl$Parser
net.sf.xisemele.impl.ValueImpl$4;net.sf.xisemele.impl.ValueImpl
net.sf.xisemele.impl.ValueImpl$4;net.sf.xisemele.impl.ValueImpl$Parser
net.sf.xisemele.impl.ValueImpl$5;net.sf.xisemele.impl.ValueImpl
net.sf.xisemele.impl.ValueImpl$5;net.sf.xisemele.impl.ValueImpl$Parser
net.sf.xisemele.impl.ValueImpl$6;net.sf.xisemele.impl.ValueImpl
net.sf.xisemele.impl.ValueImpl$6;net.sf.xisemele.impl.ValueImpl$Parser
net.sf.xisemele.impl.ValueImpl$7;net.sf.xisemele.impl.ValueImpl
net.sf.xisemele.impl.ValueImpl$7;net.sf.xisemele.impl.ValueImpl$Parser
net.sf.xisemele.impl.ValueImpl$8;net.sf.xisemele.impl.ValueImpl
net.sf.xisemele.impl.ValueImpl$8;net.sf.xisemele.impl.ValueImpl$Parser
net.sf.xisemele.impl.ValueImpl$9;net.sf.xisemele.impl.ValueImpl
net.sf.xisemele.impl.ValueImpl$9;net.sf.xisemele.impl.ValueImpl$Parser
net.sf.xisemele.impl.ValueListImpl;net.sf.xisemele.api.Value
net.sf.xisemele.impl.ValueListImpl;net.sf.xisemele.api.ValueList
net.sf.xisemele.impl.ValueListImpl;net.sf.xisemele.exception.FormatterNotConfiguredException
net.sf.xisemele.impl.WithinContextImpl;net.sf.xisemele.impl.WithinContext
net.sf.xisemele.impl.WriterEditor;net.sf.xisemele.api.Result
net.sf.xisemele.impl.WriterEditor;net.sf.xisemele.exception.AttributeNotPermittedException
net.sf.xisemele.impl.WriterEditor;net.sf.xisemele.exception.ElementNotFoundException
net.sf.xisemele.impl.WriterEditor;net.sf.xisemele.exception.InvalidNameException
net.sf.xisemele.impl.WriterEditor;net.sf.xisemele.exception.NotWithinContextException
net.sf.xisemele.impl.WriterEditor;net.sf.xisemele.exception.RemoveRootNotPermittedException
net.sf.xisemele.impl.WriterEditor;net.sf.xisemele.exception.RootDuplicateException
net.sf.xisemele.impl.WriterEditor;net.sf.xisemele.exception.ValueNotPermittedException
net.sf.xisemele.impl.WriterEditor;net.sf.xisemele.exception.WithinContextDuplicateException
net.sf.xisemele.impl.WriterEditor;net.sf.xisemele.exception.WithinContextNotPermittedException
net.sf.xisemele.impl.WriterEditorImpl;net.sf.xisemele.api.Formatter
net.sf.xisemele.impl.WriterEditorImpl;net.sf.xisemele.api.Result
net.sf.xisemele.impl.WriterEditorImpl;net.sf.xisemele.exception.AttributeNotPermittedException
net.sf.xisemele.impl.WriterEditorImpl;net.sf.xisemele.exception.ElementNotFoundException
net.sf.xisemele.impl.WriterEditorImpl;net.sf.xisemele.exception.InvalidNameException
net.sf.xisemele.impl.WriterEditorImpl;net.sf.xisemele.exception.NotWithinContextException
net.sf.xisemele.impl.WriterEditorImpl;net.sf.xisemele.exception.RemoveRootNotPermittedException
net.sf.xisemele.impl.WriterEditorImpl;net.sf.xisemele.exception.RootDuplicateException
net.sf.xisemele.impl.WriterEditorImpl;net.sf.xisemele.exception.ValueNotPermittedException
net.sf.xisemele.impl.WriterEditorImpl;net.sf.xisemele.exception.WithinContextDuplicateException
net.sf.xisemele.impl.WriterEditorImpl;net.sf.xisemele.exception.WithinContextNotPermittedException
net.sf.xisemele.impl.WriterEditorImpl;net.sf.xisemele.impl.Factory
net.sf.xisemele.impl.WriterEditorImpl;net.sf.xisemele.impl.FormatterProvider
net.sf.xisemele.impl.WriterEditorImpl;net.sf.xisemele.impl.Operations
net.sf.xisemele.impl.WriterEditorImpl;net.sf.xisemele.impl.Validations
net.sf.xisemele.impl.WriterEditorImpl;net.sf.xisemele.impl.WithinContext
net.sf.xisemele.impl.WriterEditorImpl;net.sf.xisemele.impl.WriterEditor
net.sf.xisemele.impl.WriterImpl;net.sf.xisemele.api.Element
net.sf.xisemele.impl.WriterImpl;net.sf.xisemele.api.Result
net.sf.xisemele.impl.WriterImpl;net.sf.xisemele.api.Writer
net.sf.xisemele.impl.WriterImpl;net.sf.xisemele.exception.AttributeNotPermittedException
net.sf.xisemele.impl.WriterImpl;net.sf.xisemele.exception.InvalidNameException
net.sf.xisemele.impl.WriterImpl;net.sf.xisemele.exception.NotWithinContextException
net.sf.xisemele.impl.WriterImpl;net.sf.xisemele.exception.RootDuplicateException
net.sf.xisemele.impl.WriterImpl;net.sf.xisemele.exception.WithinContextNotPermittedException
net.sf.xisemele.impl.WriterImpl;net.sf.xisemele.impl.WriterEditor
net.sf.xisemele.impl.XisemeleFactory;net.sf.xisemele.api.Xisemele
net.sf.xisemele.impl.XisemeleFactory;net.sf.xisemele.impl.Factory
net.sf.xisemele.impl.XisemeleFactory;net.sf.xisemele.impl.FactoryImpl
net.sf.xisemele.impl.XisemeleFactory;net.sf.xisemele.impl.FormatterProvider
net.sf.xisemele.impl.XisemeleFactory;net.sf.xisemele.impl.FormatterProviderImpl
net.sf.xisemele.impl.XisemeleFactory;net.sf.xisemele.impl.XisemeleImpl
net.sf.xisemele.impl.XisemeleImpl;net.sf.xisemele.api.Editor
net.sf.xisemele.impl.XisemeleImpl;net.sf.xisemele.api.Formatter
net.sf.xisemele.impl.XisemeleImpl;net.sf.xisemele.api.Reader
net.sf.xisemele.impl.XisemeleImpl;net.sf.xisemele.api.Writer
net.sf.xisemele.impl.XisemeleImpl;net.sf.xisemele.api.Xisemele
net.sf.xisemele.impl.XisemeleImpl;net.sf.xisemele.exception.ParseXMLException
net.sf.xisemele.impl.XisemeleImpl;net.sf.xisemele.impl.Factory
net.sf.xisemele.impl.XisemeleImpl;net.sf.xisemele.impl.FormatterProvider
net.sf.xisemele.impl.XisemeleImpl;net.sf.xisemele.impl.Validations
