framework.ApplicationParameters;framework.util.ConvertUtils
framework.ApplicationParameters;framework.util.StringUtils
framework.ApplicationParameters;framework.util.TuningUtils
framework.ApplicationParameters;framework.util.XMLUtils
framework.admin.ui.AdminAction;framework.ApplicationParameters
framework.admin.ui.AdminAction;framework.base.BaseAction
framework.admin.ui.AdminAction;framework.base.BaseActionServlet
framework.base.BaseAction;framework.ApplicationParameters
framework.base.BaseAction;framework.util.ObjectUtils
framework.base.BaseAction;framework.util.StringUtils
framework.base.BaseBean;framework.util.PropertyUtils
framework.base.BaseBean;framework.util.XMLUtils
framework.base.BaseCacheManager;framework.ApplicationParameters
framework.base.BaseCacheManager;framework.base.BaseCacheManager$1
framework.base.BaseCacheManager;framework.base.BaseCacheManager$CachedObject
framework.base.BaseCacheManager;framework.util.StringUtils
framework.base.BaseCacheManager$1;framework.base.BaseCacheManager
framework.base.BaseCacheManager$1;framework.base.BaseCacheManager$CachedObject
framework.base.BaseCacheManager$CachedObject;framework.base.BaseCacheManager
framework.base.ValueListHandler;framework.ApplicationParameters
framework.base.ValueListHandler;framework.base.BaseBean
framework.persistence.jdbc.Attribute;framework.base.BaseBean
framework.persistence.jdbc.Attribute;framework.util.ConvertUtils
framework.persistence.jdbc.Component;framework.base.BaseBean
framework.persistence.jdbc.Component;framework.persistence.jdbc.Attribute
framework.persistence.jdbc.Component;framework.persistence.jdbc.Module
framework.persistence.jdbc.ComponentHelper;framework.persistence.jdbc.Attribute
framework.persistence.jdbc.ComponentHelper;framework.util.ConvertUtils
framework.persistence.jdbc.ComponentHelper;framework.util.ObjectUtils
framework.persistence.jdbc.ComponentHelper;framework.util.PropertyUtils
framework.persistence.jdbc.ComponentHelper;framework.util.TuningUtils
framework.persistence.jdbc.ComponentManager;framework.ApplicationParameters
framework.persistence.jdbc.ComponentManager;framework.base.BaseCacheManager
framework.persistence.jdbc.ComponentManager;framework.persistence.jdbc.Attribute
framework.persistence.jdbc.ComponentManager;framework.persistence.jdbc.Attribute[]
framework.persistence.jdbc.ComponentManager;framework.persistence.jdbc.Component
framework.persistence.jdbc.ComponentManager;framework.util.ConvertUtils
framework.persistence.jdbc.ComponentManager;framework.util.FileUtils
framework.persistence.jdbc.ComponentManager;framework.util.ObjectUtils
framework.persistence.jdbc.ComponentManager;framework.util.StringUtils
framework.persistence.jdbc.ComponentManager;framework.util.XMLUtils
framework.persistence.jdbc.ComponentManager;framework.util.jdbc.JDBCUtils
framework.persistence.jdbc.ComponentManager;framework.util.jdbc.Parameter
framework.persistence.jdbc.Entity;framework.persistence.jdbc.Attribute
framework.persistence.jdbc.Entity;framework.persistence.jdbc.Component
framework.persistence.jdbc.Entity;framework.persistence.jdbc.EntityHelper
framework.persistence.jdbc.Entity;framework.persistence.jdbc.EntityManager
framework.persistence.jdbc.EntityHelper;framework.persistence.jdbc.Attribute
framework.persistence.jdbc.EntityHelper;framework.persistence.jdbc.ComponentHelper
framework.persistence.jdbc.EntityHelper;framework.persistence.jdbc.Entity
framework.persistence.jdbc.EntityHelper;framework.util.jdbc.JDBCUtils
framework.persistence.jdbc.EntityHelper;framework.util.jdbc.Parameter
framework.persistence.jdbc.EntityManager;framework.persistence.jdbc.Attribute
framework.persistence.jdbc.EntityManager;framework.persistence.jdbc.Component
framework.persistence.jdbc.EntityManager;framework.persistence.jdbc.ComponentManager
framework.persistence.jdbc.EntityManager;framework.persistence.jdbc.Entity
framework.persistence.jdbc.EntityManager;framework.util.StringUtils
framework.persistence.jdbc.EntityManager;framework.util.XMLUtils
framework.persistence.jdbc.EntityManager;framework.util.jdbc.JDBCUtils
framework.persistence.jdbc.Module;framework.persistence.jdbc.Component
framework.persistence.jdbc.Module;framework.persistence.jdbc.Entity
framework.persistence.jdbc.Module;framework.persistence.jdbc.EntityManager
framework.persistence.jdbc.Module;framework.persistence.jdbc.View
framework.persistence.jdbc.Module;framework.persistence.jdbc.ViewManager
framework.persistence.jdbc.Module;framework.persistence.jdbc.pool.JDBCPool
framework.persistence.jdbc.Module;framework.persistence.jdbc.pool.JDBCPoolManager
framework.persistence.jdbc.Module;framework.util.StringUtils
framework.persistence.jdbc.View;framework.base.ValueListHandler
framework.persistence.jdbc.View;framework.persistence.jdbc.Attribute
framework.persistence.jdbc.View;framework.persistence.jdbc.Component
framework.persistence.jdbc.View;framework.persistence.jdbc.ViewHelper
framework.persistence.jdbc.View;framework.persistence.jdbc.ViewManager
framework.persistence.jdbc.View;framework.persistence.jdbc.tools.DbCollectionManager
framework.persistence.jdbc.View;framework.util.ConvertUtils
framework.persistence.jdbc.View;framework.util.StringUtils
framework.persistence.jdbc.View;framework.util.jdbc.Parameter
framework.persistence.jdbc.ViewBeanInfo;framework.persistence.jdbc.View
framework.persistence.jdbc.ViewHelper;framework.base.ValueListHandler
framework.persistence.jdbc.ViewHelper;framework.persistence.jdbc.ComponentHelper
framework.persistence.jdbc.ViewHelper;framework.persistence.jdbc.View
framework.persistence.jdbc.ViewHelper;framework.persistence.jdbc.ViewManager
framework.persistence.jdbc.ViewHelper;framework.util.ObjectUtils
framework.persistence.jdbc.ViewHelper;framework.util.StringUtils
framework.persistence.jdbc.ViewHelper;framework.util.TuningUtils
framework.persistence.jdbc.ViewHelper;framework.util.jdbc.JDBCUtils
framework.persistence.jdbc.ViewManager;framework.ApplicationParameters
framework.persistence.jdbc.ViewManager;framework.persistence.jdbc.Component
framework.persistence.jdbc.ViewManager;framework.persistence.jdbc.ComponentManager
framework.persistence.jdbc.ViewManager;framework.persistence.jdbc.View
framework.persistence.jdbc.ViewManager;framework.util.ConvertUtils
framework.persistence.jdbc.ViewManager;framework.util.XMLUtils
framework.persistence.jdbc.pool.DBCPoolImpl;framework.persistence.jdbc.pool.JDBCPool
framework.persistence.jdbc.pool.JDBCPool;framework.ApplicationParameters
framework.persistence.jdbc.pool.JDBCPool;framework.persistence.jdbc.pool.JDBCPoolConstants
framework.persistence.jdbc.pool.JDBCPool;framework.util.StringUtils
framework.persistence.jdbc.pool.JDBCPool;framework.util.TuningUtils
framework.persistence.jdbc.pool.JDBCPoolManager;framework.ApplicationParameters
framework.persistence.jdbc.pool.JDBCPoolManager;framework.persistence.jdbc.pool.JDBCPool
framework.persistence.jdbc.pool.JDBCPoolManager;framework.persistence.jdbc.pool.JDBCPoolConstants
framework.persistence.jdbc.pool.JDBCPoolManager;framework.util.StringUtils
framework.persistence.jdbc.pool.JDBCPoolManager;framework.util.TuningUtils
framework.persistence.jdbc.pool.OraclePoolImpl;framework.persistence.jdbc.pool.JDBCPool
framework.persistence.jdbc.tools.DbCollectionManager;framework.ApplicationParameters
framework.persistence.jdbc.tools.DbCollectionManager;framework.base.BaseCacheManager
framework.persistence.jdbc.tools.DbCollectionManager;framework.persistence.jdbc.Attribute
framework.persistence.jdbc.tools.DbCollectionManager;framework.persistence.jdbc.View
framework.persistence.jdbc.tools.DbCollectionManager;framework.persistence.jdbc.tools.ToolsModule
framework.persistence.jdbc.tools.DbCollectionManager;framework.util.TuningUtils
framework.persistence.jdbc.tools.ToolsModule;framework.persistence.jdbc.Module
framework.persistence.jdbc.tools.ToolsModule;framework.persistence.jdbc.View
framework.persistence.jdbc.tools.ui.EntityAction;framework.base.BaseAction
framework.persistence.jdbc.tools.ui.EntityAction;framework.persistence.jdbc.Attribute
framework.persistence.jdbc.tools.ui.EntityAction;framework.persistence.jdbc.Attribute[]
framework.persistence.jdbc.tools.ui.EntityAction;framework.persistence.jdbc.Component
framework.persistence.jdbc.tools.ui.EntityAction;framework.persistence.jdbc.Entity
framework.persistence.jdbc.tools.ui.EntityAction;framework.persistence.jdbc.EntityManager
framework.persistence.jdbc.tools.ui.EntityAction;framework.persistence.jdbc.Module
framework.persistence.jdbc.tools.ui.EntityAction;framework.persistence.jdbc.pool.JDBCPoolManager
framework.persistence.jdbc.tools.ui.EntityAction;framework.persistence.jdbc.tools.DbCollectionManager
framework.persistence.jdbc.tools.ui.EntityAction;framework.persistence.jdbc.tools.ToolsModule
framework.persistence.jdbc.tools.ui.EntityAction;framework.util.ConvertUtils
framework.persistence.jdbc.tools.ui.EntityAction;framework.util.StringUtils
framework.persistence.jdbc.tools.ui.EntityAction;framework.util.jdbc.JDBCUtils
framework.persistence.jdbc.tools.ui.ViewAction;framework.base.BaseAction
framework.persistence.jdbc.tools.ui.ViewAction;framework.base.ValueListHandler
framework.persistence.jdbc.tools.ui.ViewAction;framework.persistence.jdbc.Attribute
framework.persistence.jdbc.tools.ui.ViewAction;framework.persistence.jdbc.Attribute[]
framework.persistence.jdbc.tools.ui.ViewAction;framework.persistence.jdbc.Component
framework.persistence.jdbc.tools.ui.ViewAction;framework.persistence.jdbc.Module
framework.persistence.jdbc.tools.ui.ViewAction;framework.persistence.jdbc.View
framework.persistence.jdbc.tools.ui.ViewAction;framework.persistence.jdbc.ViewManager
framework.persistence.jdbc.tools.ui.ViewAction;framework.persistence.jdbc.pool.JDBCPoolManager
framework.persistence.jdbc.tools.ui.ViewAction;framework.persistence.jdbc.tools.ToolsModule
framework.persistence.jdbc.tools.ui.ViewAction;framework.util.ConvertUtils
framework.persistence.jdbc.tools.ui.ViewAction;framework.util.StringUtils
framework.persistence.jdbc.tools.ui.ViewAction;framework.util.jdbc.JDBCUtils
framework.util.ConvertUtils;framework.ApplicationParameters
framework.util.FileUtils;framework.util.StringUtils
framework.util.ImageUtils;framework.util.FileUtils
framework.util.ImageUtils;framework.util.ScaledImage
framework.util.LDAPUtils;framework.util.FileUtils
framework.util.ObjectUtils;framework.util.StringUtils
framework.util.ServletUtils;framework.ApplicationParameters
framework.util.StringUtils;framework.ApplicationParameters
framework.util.StringUtils;framework.util.FileUtils
framework.util.XMLUtils;framework.base.BaseBean
framework.util.XMLUtils;framework.util.ConvertUtils
framework.util.XMLUtils;framework.util.FileUtils
framework.util.XMLUtils;framework.util.PropertyUtils
framework.util.jdbc.JDBCUtils;framework.util.ConvertUtils
framework.util.jdbc.JDBCUtils;framework.util.ObjectUtils
framework.util.jdbc.JDBCUtils;framework.util.StringUtils
framework.util.jdbc.JDBCUtils;framework.util.jdbc.Parameter
framework.util.jdbc.Parameter;framework.base.BaseBean
framework.util.jdbc.Parameter;framework.util.jdbc.JDBCUtils
framework.validator.CustomFieldChecks;framework.util.ObjectUtils
framework.validator.CustomFieldChecks;framework.util.StringUtils
