lotus.UI.console.LocalConsoleUserInterface;lotus.core.Arbiter
lotus.UI.console.LocalConsoleUserInterface;lotus.core.CardCollection
lotus.UI.console.LocalConsoleUserInterface;lotus.core.Game
lotus.UI.console.LocalConsoleUserInterface;lotus.core.Player
lotus.UI.console.LocalConsoleUserInterface;lotus.core.card.Card
lotus.UI.console.LocalConsoleUserInterface;lotus.core.card.Permanent
lotus.UI.console.LocalConsoleUserInterface;lotus.core.decision.Decision
lotus.UI.console.LocalConsoleUserInterface;lotus.core.interfaces.UserInterface
lotus.UI.console.LocalConsoleUserInterface;lotus.core.phases.Phase
lotus.core.Arbiter;lotus.core.CardCollection
lotus.core.Arbiter;lotus.core.Player
lotus.core.Arbiter;lotus.core.card.Card
lotus.core.Arbiter;lotus.core.decision.Decision
lotus.core.Arbiter;lotus.core.decision.PassDecision
lotus.core.Arbiter;lotus.core.stack.Spell
lotus.core.CardCollection;lotus.core.Game
lotus.core.CardCollection;lotus.core.Player
lotus.core.CardCollection;lotus.core.card.Card
lotus.core.Combat;lotus.core.Player
lotus.core.Game;lotus.core.CardCollection
lotus.core.Game;lotus.core.Combat
lotus.core.Game;lotus.core.Player
lotus.core.Game;lotus.core.card.Card
lotus.core.Game;lotus.core.interfaces.UserInterface
lotus.core.Game;lotus.core.phases.Phase
lotus.core.Game;lotus.core.phases.UntapPhase
lotus.core.Game;lotus.core.stack.Stack
lotus.core.Mana;lotus.core.Mana$1
lotus.core.Mana;lotus.core.Mana$Color
lotus.core.Mana$1;lotus.core.Mana$Color
lotus.core.Mana$Color;lotus.core.Mana$Color[]
lotus.core.Player;lotus.core.CardCollection
lotus.core.Player;lotus.core.Mana
lotus.core.Player;lotus.core.decision.Decision
lotus.core.Player;lotus.core.decision.PassDecision
lotus.core.Player;lotus.core.interfaces.UserInterface
lotus.core.card.BasicLand;lotus.core.card.BasicLand$BasicLandType
lotus.core.card.BasicLand;lotus.core.card.Land
lotus.core.card.BasicLand$BasicLandType;lotus.core.card.BasicLand$BasicLandType[]
lotus.core.card.Card;lotus.core.CardCollection
lotus.core.card.Card;lotus.core.Error
lotus.core.card.Card;lotus.core.Player
lotus.core.card.Card;lotus.core.card.compareClasses
lotus.core.card.Card;lotus.core.cost.Cost
lotus.core.card.Creature;lotus.core.card.Permanent
lotus.core.card.Instant;lotus.core.card.Card
lotus.core.card.Land;lotus.core.card.Permanent
lotus.core.card.Permanent;lotus.core.card.Card
lotus.core.cost.Cost;lotus.core.Player
lotus.core.cost.ManaCost;lotus.core.Mana
lotus.core.cost.ManaCost;lotus.core.Player
lotus.core.cost.ManaCost;lotus.core.cost.Cost
lotus.core.cost.MultiCost;lotus.core.cost.Cost
lotus.core.decision.DeclareAttackerDecision;lotus.core.card.Creature
lotus.core.decision.DeclareAttackerDecision;lotus.core.decision.Decision
lotus.core.decision.DeclareAttackerDecision;lotus.core.effect.BecomeAttacker
lotus.core.decision.DeclareAttackerDecision;lotus.core.effect.Effect
lotus.core.decision.DeclareBlockerDecision;lotus.core.card.Creature
lotus.core.decision.DeclareBlockerDecision;lotus.core.decision.Decision
lotus.core.decision.DeclareBlockerDecision;lotus.core.effect.BecomeBlocker
lotus.core.decision.DeclareBlockerDecision;lotus.core.effect.Effect
lotus.core.decision.MultiDecision;lotus.core.decision.Decision
lotus.core.decision.PassDecision;lotus.core.decision.Decision
lotus.core.decision.PlayLand;lotus.core.CardCollection
lotus.core.decision.PlayLand;lotus.core.Player
lotus.core.decision.PlayLand;lotus.core.card.Card
lotus.core.decision.PlayLand;lotus.core.card.Land
lotus.core.decision.PlayLand;lotus.core.decision.Decision
lotus.core.decision.PlayLand;lotus.core.effect.ChangeZone
lotus.core.effect.BecomeAttacker;lotus.core.Combat
lotus.core.effect.BecomeAttacker;lotus.core.Game
lotus.core.effect.BecomeAttacker;lotus.core.card.Creature
lotus.core.effect.BecomeAttacker;lotus.core.effect.Effect
lotus.core.effect.BecomeBlocker;lotus.core.Combat
lotus.core.effect.BecomeBlocker;lotus.core.Game
lotus.core.effect.BecomeBlocker;lotus.core.card.Creature
lotus.core.effect.BecomeBlocker;lotus.core.effect.Effect
lotus.core.effect.ChangePhase;lotus.core.effect.Effect
lotus.core.effect.ChangePhase;lotus.core.phases.Phase
lotus.core.effect.ChangeProperty;lotus.core.Error
lotus.core.effect.ChangeProperty;lotus.core.card.Card
lotus.core.effect.ChangeProperty;lotus.core.effect.Effect
lotus.core.effect.ChangeZone;lotus.core.CardCollection
lotus.core.effect.ChangeZone;lotus.core.card.Card
lotus.core.effect.ChangeZone;lotus.core.effect.Effect
lotus.core.effect.DrawCard;lotus.core.CardCollection
lotus.core.effect.DrawCard;lotus.core.Player
lotus.core.effect.DrawCard;lotus.core.card.Card
lotus.core.effect.DrawCard;lotus.core.effect.Effect
lotus.core.effect.MultiEffect;lotus.core.effect.Effect
lotus.core.effect.TapLandForMana;lotus.core.card.Card
lotus.core.effect.TapLandForMana;lotus.core.card.Land
lotus.core.effect.TapLandForMana;lotus.core.effect.ChangeProperty
lotus.core.effect.TapLandForMana;lotus.core.effect.Effect
lotus.core.interfaces.UserInterface;lotus.core.Player
lotus.core.interfaces.UserInterface;lotus.core.decision.Decision
lotus.core.phases.CleanupPhase;lotus.core.phases.Phase
lotus.core.phases.CombatBeginningPhase;lotus.core.Combat
lotus.core.phases.CombatBeginningPhase;lotus.core.Game
lotus.core.phases.CombatBeginningPhase;lotus.core.Player
lotus.core.phases.CombatBeginningPhase;lotus.core.phases.Phase
lotus.core.phases.CombatDamagePhase;lotus.core.phases.Phase
lotus.core.phases.CombatEndPhase;lotus.core.phases.Phase
lotus.core.phases.DeclareAttackersPhase;lotus.core.Combat
lotus.core.phases.DeclareAttackersPhase;lotus.core.Game
lotus.core.phases.DeclareAttackersPhase;lotus.core.Player
lotus.core.phases.DeclareAttackersPhase;lotus.core.card.Card
lotus.core.phases.DeclareAttackersPhase;lotus.core.card.Creature
lotus.core.phases.DeclareAttackersPhase;lotus.core.decision.Decision
lotus.core.phases.DeclareAttackersPhase;lotus.core.effect.ChangeProperty
lotus.core.phases.DeclareAttackersPhase;lotus.core.effect.Effect
lotus.core.phases.DeclareAttackersPhase;lotus.core.interfaces.UserInterface
lotus.core.phases.DeclareAttackersPhase;lotus.core.phases.Phase
lotus.core.phases.DeclareBlockersPhase;lotus.core.Combat
lotus.core.phases.DeclareBlockersPhase;lotus.core.Game
lotus.core.phases.DeclareBlockersPhase;lotus.core.Player
lotus.core.phases.DeclareBlockersPhase;lotus.core.card.Creature
lotus.core.phases.DeclareBlockersPhase;lotus.core.decision.Decision
lotus.core.phases.DeclareBlockersPhase;lotus.core.interfaces.UserInterface
lotus.core.phases.DeclareBlockersPhase;lotus.core.phases.Phase
lotus.core.phases.DrawPhase;lotus.core.Game
lotus.core.phases.DrawPhase;lotus.core.Player
lotus.core.phases.DrawPhase;lotus.core.effect.DrawCard
lotus.core.phases.DrawPhase;lotus.core.phases.Phase
lotus.core.phases.EndOfTurnPhase;lotus.core.phases.Phase
lotus.core.phases.Main1Phase;lotus.core.Game
lotus.core.phases.Main1Phase;lotus.core.phases.Phase
lotus.core.phases.Main2Phase;lotus.core.Game
lotus.core.phases.Main2Phase;lotus.core.phases.Phase
lotus.core.phases.Phase;lotus.core.Game
lotus.core.phases.Phase;lotus.core.effect.ChangePhase
lotus.core.phases.Phase;lotus.core.phases.CleanupPhase
lotus.core.phases.Phase;lotus.core.phases.CombatBeginningPhase
lotus.core.phases.Phase;lotus.core.phases.CombatDamagePhase
lotus.core.phases.Phase;lotus.core.phases.CombatEndPhase
lotus.core.phases.Phase;lotus.core.phases.DeclareAttackersPhase
lotus.core.phases.Phase;lotus.core.phases.DeclareBlockersPhase
lotus.core.phases.Phase;lotus.core.phases.DrawPhase
lotus.core.phases.Phase;lotus.core.phases.EndOfTurnPhase
lotus.core.phases.Phase;lotus.core.phases.Main1Phase
lotus.core.phases.Phase;lotus.core.phases.Main2Phase
lotus.core.phases.Phase;lotus.core.phases.PlayerChangePhase
lotus.core.phases.Phase;lotus.core.phases.UntapPhase
lotus.core.phases.Phase;lotus.core.phases.UpkeepPhase
lotus.core.phases.PlayerChangePhase;lotus.core.phases.Phase
lotus.core.phases.UntapPhase;lotus.core.CardCollection
lotus.core.phases.UntapPhase;lotus.core.Game
lotus.core.phases.UntapPhase;lotus.core.Player
lotus.core.phases.UntapPhase;lotus.core.card.Card
lotus.core.phases.UntapPhase;lotus.core.card.Creature
lotus.core.phases.UntapPhase;lotus.core.effect.ChangeProperty
lotus.core.phases.UntapPhase;lotus.core.phases.Phase
lotus.core.phases.UpkeepPhase;lotus.core.Game
lotus.core.phases.UpkeepPhase;lotus.core.phases.Phase
lotus.core.stack.ActivatedAbility;lotus.core.decision.Decision
lotus.core.stack.ActivatedAbility;lotus.core.stack.StackObject
lotus.core.stack.CombatDamage;lotus.core.card.Creature
lotus.core.stack.CombatDamage;lotus.core.effect.Effect
lotus.core.stack.CombatDamage;lotus.core.stack.StackObject
lotus.core.stack.Spell;lotus.core.CardCollection
lotus.core.stack.Spell;lotus.core.Player
lotus.core.stack.Spell;lotus.core.card.Card
lotus.core.stack.Spell;lotus.core.card.Permanent
lotus.core.stack.Spell;lotus.core.decision.Decision
lotus.core.stack.Spell;lotus.core.effect.ChangeZone
lotus.core.stack.Spell;lotus.core.effect.Effect
lotus.core.stack.Spell;lotus.core.stack.StackObject
lotus.core.stack.Stack;lotus.core.card.Card
lotus.core.stack.Stack;lotus.core.effect.Effect
lotus.core.stack.Stack;lotus.core.stack.Spell
lotus.core.stack.Stack;lotus.core.stack.StackObject
lotus.core.stack.StackObject;lotus.core.Game
lotus.core.stack.StackObject;lotus.core.card.Card
lotus.core.stack.StackObject;lotus.core.effect.Effect
lotus.core.stack.StackObject;lotus.core.stack.Spell
lotus.core.stack.StackObject;lotus.core.stack.Stack
lotus.core.stack.TriggeredAbility;lotus.core.effect.Effect
lotus.core.stack.TriggeredAbility;lotus.core.stack.StackObject
