nu.staldal.lagoon.InputComponent;nu.staldal.lagoon.InputComponent$1
nu.staldal.lagoon.InputComponent;nu.staldal.lagoon.InputComponent$2
nu.staldal.lagoon.InputComponent$1;nu.staldal.lagoon.InputComponent
nu.staldal.lagoon.InputComponent$2;nu.staldal.lagoon.InputComponent
nu.staldal.lagoon.LagoonAntTask;nu.staldal.lagoon.core.AuthenticationException
nu.staldal.lagoon.LagoonAntTask;nu.staldal.lagoon.core.AuthenticationMissingException
nu.staldal.lagoon.LagoonAntTask;nu.staldal.lagoon.core.LagoonException
nu.staldal.lagoon.LagoonAntTask;nu.staldal.lagoon.core.LagoonProcessor
nu.staldal.lagoon.LagoonCLI;nu.staldal.lagoon.core.AuthenticationException
nu.staldal.lagoon.LagoonCLI;nu.staldal.lagoon.core.AuthenticationMissingException
nu.staldal.lagoon.LagoonCLI;nu.staldal.lagoon.core.LagoonException
nu.staldal.lagoon.LagoonCLI;nu.staldal.lagoon.core.LagoonProcessor
nu.staldal.lagoon.LagoonGUI;nu.staldal.lagoon.InputComponent
nu.staldal.lagoon.LagoonGUI;nu.staldal.lagoon.LagoonGUI$1
nu.staldal.lagoon.LagoonGUI;nu.staldal.lagoon.LagoonGUI$2
nu.staldal.lagoon.LagoonGUI;nu.staldal.lagoon.LagoonGUI$3
nu.staldal.lagoon.LagoonGUI;nu.staldal.lagoon.LagoonGUI$4
nu.staldal.lagoon.LagoonGUI;nu.staldal.lagoon.LagoonGUI$5
nu.staldal.lagoon.LagoonGUI;nu.staldal.lagoon.MessageDialog
nu.staldal.lagoon.LagoonGUI;nu.staldal.lagoon.PasswordDialog
nu.staldal.lagoon.LagoonGUI;nu.staldal.lagoon.TextAreaWriter
nu.staldal.lagoon.LagoonGUI;nu.staldal.lagoon.YesNoQueryDialog
nu.staldal.lagoon.LagoonGUI;nu.staldal.lagoon.core.AuthenticationException
nu.staldal.lagoon.LagoonGUI;nu.staldal.lagoon.core.AuthenticationMissingException
nu.staldal.lagoon.LagoonGUI;nu.staldal.lagoon.core.LagoonException
nu.staldal.lagoon.LagoonGUI;nu.staldal.lagoon.core.LagoonProcessor
nu.staldal.lagoon.LagoonGUI$1;nu.staldal.lagoon.LagoonGUI
nu.staldal.lagoon.LagoonGUI$2;nu.staldal.lagoon.LagoonGUI
nu.staldal.lagoon.LagoonGUI$3;nu.staldal.lagoon.LagoonGUI
nu.staldal.lagoon.LagoonGUI$4;nu.staldal.lagoon.LagoonGUI
nu.staldal.lagoon.LagoonGUI$5;nu.staldal.lagoon.LagoonGUI
nu.staldal.lagoon.MessageDialog;nu.staldal.lagoon.MessageDialog$1
nu.staldal.lagoon.MessageDialog$1;nu.staldal.lagoon.MessageDialog
nu.staldal.lagoon.PasswordDialog;nu.staldal.lagoon.PasswordDialog$1
nu.staldal.lagoon.PasswordDialog;nu.staldal.lagoon.PasswordDialog$2
nu.staldal.lagoon.PasswordDialog$1;nu.staldal.lagoon.PasswordDialog
nu.staldal.lagoon.PasswordDialog$2;nu.staldal.lagoon.PasswordDialog
nu.staldal.lagoon.XMLCheck;nu.staldal.lagoon.MyParser
nu.staldal.lagoon.YesNoQueryDialog;nu.staldal.lagoon.YesNoQueryDialog$1
nu.staldal.lagoon.YesNoQueryDialog;nu.staldal.lagoon.YesNoQueryDialog$2
nu.staldal.lagoon.YesNoQueryDialog$1;nu.staldal.lagoon.YesNoQueryDialog
nu.staldal.lagoon.YesNoQueryDialog$2;nu.staldal.lagoon.YesNoQueryDialog
nu.staldal.lagoon.core.AuthenticationMissingException;nu.staldal.lagoon.core.AuthenticationException
nu.staldal.lagoon.core.ByteStreamConsumer;nu.staldal.lagoon.core.ByteStreamProducer
nu.staldal.lagoon.core.ByteStreamConsumer;nu.staldal.lagoon.core.Producer
nu.staldal.lagoon.core.ByteStreamProducer;nu.staldal.lagoon.core.ProducerInterface
nu.staldal.lagoon.core.ByteStreamProducer;nu.staldal.lagoon.core.Target
nu.staldal.lagoon.core.DeleteEntry;nu.staldal.lagoon.core.FileStorage
nu.staldal.lagoon.core.DeleteEntry;nu.staldal.lagoon.core.LagoonProcessor
nu.staldal.lagoon.core.DeleteEntry;nu.staldal.lagoon.core.SitemapEntry
nu.staldal.lagoon.core.EntryWithSource;nu.staldal.lagoon.core.EntryWithSource$1
nu.staldal.lagoon.core.EntryWithSource;nu.staldal.lagoon.core.EntryWithSource$2
nu.staldal.lagoon.core.EntryWithSource;nu.staldal.lagoon.core.LagoonException
nu.staldal.lagoon.core.EntryWithSource;nu.staldal.lagoon.core.LagoonProcessor
nu.staldal.lagoon.core.EntryWithSource;nu.staldal.lagoon.core.PartEntry
nu.staldal.lagoon.core.EntryWithSource;nu.staldal.lagoon.core.Sitemap
nu.staldal.lagoon.core.EntryWithSource;nu.staldal.lagoon.core.SourceManager
nu.staldal.lagoon.core.EntryWithSource;nu.staldal.lagoon.core.SourceManagerProvider
nu.staldal.lagoon.core.EntryWithSource;nu.staldal.lagoon.core.Target
nu.staldal.lagoon.core.EntryWithSource;nu.staldal.lagoon.core.XMLStreamProducer
nu.staldal.lagoon.core.EntryWithSource$1;nu.staldal.lagoon.core.EntryWithSource
nu.staldal.lagoon.core.EntryWithSource$1;nu.staldal.lagoon.core.PartEntry
nu.staldal.lagoon.core.EntryWithSource$1;nu.staldal.lagoon.core.Target
nu.staldal.lagoon.core.EntryWithSource$1;nu.staldal.lagoon.core.XMLStreamProducer
nu.staldal.lagoon.core.EntryWithSource$2;nu.staldal.lagoon.core.EntryWithSource
nu.staldal.lagoon.core.FileEntry;nu.staldal.lagoon.core.ByteStreamProducer
nu.staldal.lagoon.core.FileEntry;nu.staldal.lagoon.core.EntryWithSource
nu.staldal.lagoon.core.FileEntry;nu.staldal.lagoon.core.FileEntry$1
nu.staldal.lagoon.core.FileEntry;nu.staldal.lagoon.core.FileEntry$2
nu.staldal.lagoon.core.FileEntry;nu.staldal.lagoon.core.FileEntry$TempOutputHandler
nu.staldal.lagoon.core.FileEntry;nu.staldal.lagoon.core.FileStorage
nu.staldal.lagoon.core.FileEntry;nu.staldal.lagoon.core.FileTarget
nu.staldal.lagoon.core.FileEntry;nu.staldal.lagoon.core.LagoonException
nu.staldal.lagoon.core.FileEntry;nu.staldal.lagoon.core.LagoonProcessor
nu.staldal.lagoon.core.FileEntry;nu.staldal.lagoon.core.OutputEntry
nu.staldal.lagoon.core.FileEntry;nu.staldal.lagoon.core.OutputHandler
nu.staldal.lagoon.core.FileEntry;nu.staldal.lagoon.core.Producer
nu.staldal.lagoon.core.FileEntry;nu.staldal.lagoon.core.Sitemap
nu.staldal.lagoon.core.FileEntry;nu.staldal.lagoon.core.SitemapEntry
nu.staldal.lagoon.core.FileEntry;nu.staldal.lagoon.core.SourceManager
nu.staldal.lagoon.core.FileEntry;nu.staldal.lagoon.core.Target
nu.staldal.lagoon.core.FileEntry;nu.staldal.lagoon.core.XMLStreamProducer
nu.staldal.lagoon.core.FileEntry;nu.staldal.lagoon.util.Wildcard
nu.staldal.lagoon.core.FileEntry$1;nu.staldal.lagoon.core.FileEntry
nu.staldal.lagoon.core.FileEntry$1;nu.staldal.lagoon.core.Target
nu.staldal.lagoon.core.FileEntry$1;nu.staldal.lagoon.core.XMLStreamProducer
nu.staldal.lagoon.core.FileEntry$2;nu.staldal.lagoon.core.ByteStreamProducer
nu.staldal.lagoon.core.FileEntry$2;nu.staldal.lagoon.core.FileEntry
nu.staldal.lagoon.core.FileEntry$2;nu.staldal.lagoon.core.OutputEntry
nu.staldal.lagoon.core.FileEntry$2;nu.staldal.lagoon.core.OutputHandler
nu.staldal.lagoon.core.FileEntry$2;nu.staldal.lagoon.core.Target
nu.staldal.lagoon.core.FileEntry$TempOutputHandler;nu.staldal.lagoon.core.OutputHandler
nu.staldal.lagoon.core.FileStorage;nu.staldal.lagoon.core.AuthenticationException
nu.staldal.lagoon.core.FileStorage;nu.staldal.lagoon.core.LagoonContext
nu.staldal.lagoon.core.FileStorage;nu.staldal.lagoon.core.OutputHandler
nu.staldal.lagoon.core.FileTarget;nu.staldal.lagoon.core.OutputHandler
nu.staldal.lagoon.core.FileTarget;nu.staldal.lagoon.core.Target
nu.staldal.lagoon.core.Format;nu.staldal.lagoon.core.ByteStreamProducer
nu.staldal.lagoon.core.Format;nu.staldal.lagoon.core.XMLStreamConsumer
nu.staldal.lagoon.core.LagoonProcessor;nu.staldal.lagoon.core.AuthenticationException
nu.staldal.lagoon.core.LagoonProcessor;nu.staldal.lagoon.core.AuthenticationMissingException
nu.staldal.lagoon.core.LagoonProcessor;nu.staldal.lagoon.core.FileStorage
nu.staldal.lagoon.core.LagoonProcessor;nu.staldal.lagoon.core.LagoonContext
nu.staldal.lagoon.core.LagoonProcessor;nu.staldal.lagoon.core.LagoonException
nu.staldal.lagoon.core.LagoonProcessor;nu.staldal.lagoon.core.Producer
nu.staldal.lagoon.core.LagoonProcessor;nu.staldal.lagoon.core.Sitemap
nu.staldal.lagoon.core.LagoonProcessor;nu.staldal.lagoon.core.SitemapEntry
nu.staldal.lagoon.core.OutputEntry;nu.staldal.lagoon.core.ByteStreamProducer
nu.staldal.lagoon.core.OutputEntry;nu.staldal.lagoon.core.LagoonException
nu.staldal.lagoon.core.OutputEntry;nu.staldal.lagoon.core.SourceManager
nu.staldal.lagoon.core.OutputEntry;nu.staldal.lagoon.core.SourceManagerProvider
nu.staldal.lagoon.core.OutputEntry;nu.staldal.lagoon.core.XMLStreamConsumer
nu.staldal.lagoon.core.OutputEntry;nu.staldal.lagoon.core.XMLStreamProducer
nu.staldal.lagoon.core.Parse;nu.staldal.lagoon.core.ByteStreamConsumer
nu.staldal.lagoon.core.Parse;nu.staldal.lagoon.core.XMLStreamProducer
nu.staldal.lagoon.core.PartEntry;nu.staldal.lagoon.core.EntryWithSource
nu.staldal.lagoon.core.PartEntry;nu.staldal.lagoon.core.LagoonException
nu.staldal.lagoon.core.PartEntry;nu.staldal.lagoon.core.LagoonProcessor
nu.staldal.lagoon.core.PartEntry;nu.staldal.lagoon.core.Sitemap
nu.staldal.lagoon.core.PartEntry;nu.staldal.lagoon.core.XMLStreamProducer
nu.staldal.lagoon.core.Process;nu.staldal.lagoon.core.ByteStreamConsumer
nu.staldal.lagoon.core.Process;nu.staldal.lagoon.core.ByteStreamProducer
nu.staldal.lagoon.core.Producer;nu.staldal.lagoon.core.LagoonContext
nu.staldal.lagoon.core.Producer;nu.staldal.lagoon.core.LagoonProcessor
nu.staldal.lagoon.core.Producer;nu.staldal.lagoon.core.ProducerInterface
nu.staldal.lagoon.core.Producer;nu.staldal.lagoon.core.SourceManager
nu.staldal.lagoon.core.Producer;nu.staldal.lagoon.core.SourceManagerProvider
nu.staldal.lagoon.core.ProducerInterface;nu.staldal.lagoon.core.LagoonException
nu.staldal.lagoon.core.Read;nu.staldal.lagoon.core.ByteStreamProducer
nu.staldal.lagoon.core.Read;nu.staldal.lagoon.core.Producer
nu.staldal.lagoon.core.RemoteFileStorage;nu.staldal.lagoon.core.FileStorage
nu.staldal.lagoon.core.RemoteFileStorage;nu.staldal.lagoon.core.LagoonContext
nu.staldal.lagoon.core.Sitemap;nu.staldal.lagoon.core.ByteStreamConsumer
nu.staldal.lagoon.core.Sitemap;nu.staldal.lagoon.core.ByteStreamProducer
nu.staldal.lagoon.core.Sitemap;nu.staldal.lagoon.core.DeleteEntry
nu.staldal.lagoon.core.Sitemap;nu.staldal.lagoon.core.FileEntry
nu.staldal.lagoon.core.Sitemap;nu.staldal.lagoon.core.LagoonException
nu.staldal.lagoon.core.Sitemap;nu.staldal.lagoon.core.LagoonProcessor
nu.staldal.lagoon.core.Sitemap;nu.staldal.lagoon.core.OutputEntry
nu.staldal.lagoon.core.Sitemap;nu.staldal.lagoon.core.PartEntry
nu.staldal.lagoon.core.Sitemap;nu.staldal.lagoon.core.Producer
nu.staldal.lagoon.core.Sitemap;nu.staldal.lagoon.core.SitemapEntry
nu.staldal.lagoon.core.Sitemap;nu.staldal.lagoon.core.SourceManagerProvider
nu.staldal.lagoon.core.Sitemap;nu.staldal.lagoon.core.XMLStreamConsumer
nu.staldal.lagoon.core.Sitemap;nu.staldal.lagoon.core.XMLStreamProducer
nu.staldal.lagoon.core.Source;nu.staldal.lagoon.core.Producer
nu.staldal.lagoon.core.Source;nu.staldal.lagoon.core.XMLStreamProducer
nu.staldal.lagoon.core.SourceManager;nu.staldal.lagoon.core.LagoonException
nu.staldal.lagoon.core.SourceManager;nu.staldal.lagoon.core.Target
nu.staldal.lagoon.core.SourceManagerProvider;nu.staldal.lagoon.core.SourceManager
nu.staldal.lagoon.core.Transform;nu.staldal.lagoon.core.XMLStreamConsumer
nu.staldal.lagoon.core.Transform;nu.staldal.lagoon.core.XMLStreamProducer
nu.staldal.lagoon.core.XMLStreamConsumer;nu.staldal.lagoon.core.Producer
nu.staldal.lagoon.core.XMLStreamConsumer;nu.staldal.lagoon.core.XMLStreamProducer
nu.staldal.lagoon.core.XMLStreamProducer;nu.staldal.lagoon.core.ProducerInterface
nu.staldal.lagoon.core.XMLStreamProducer;nu.staldal.lagoon.core.Target
nu.staldal.lagoon.filestorage.FTPFileStorage;nu.staldal.lagoon.core.AuthenticationException
nu.staldal.lagoon.filestorage.FTPFileStorage;nu.staldal.lagoon.core.LagoonContext
nu.staldal.lagoon.filestorage.FTPFileStorage;nu.staldal.lagoon.core.OutputHandler
nu.staldal.lagoon.filestorage.FTPFileStorage;nu.staldal.lagoon.core.RemoteFileStorage
nu.staldal.lagoon.filestorage.FTPFileStorage;nu.staldal.lagoon.filestorage.FTPFileStorage$FTPOutputHandler
nu.staldal.lagoon.filestorage.FTPFileStorage$FTPOutputHandler;nu.staldal.lagoon.core.OutputHandler
nu.staldal.lagoon.filestorage.FTPFileStorage$FTPOutputHandler;nu.staldal.lagoon.filestorage.FTPFileStorage
nu.staldal.lagoon.filestorage.LocalFileStorage;nu.staldal.lagoon.core.FileStorage
nu.staldal.lagoon.filestorage.LocalFileStorage;nu.staldal.lagoon.core.LagoonContext
nu.staldal.lagoon.filestorage.LocalFileStorage;nu.staldal.lagoon.core.OutputHandler
nu.staldal.lagoon.filestorage.LocalFileStorage;nu.staldal.lagoon.filestorage.LocalFileStorage$LocalOutputHandler
nu.staldal.lagoon.filestorage.LocalFileStorage$LocalOutputHandler;nu.staldal.lagoon.core.OutputHandler
nu.staldal.lagoon.filestorage.SSHFileStorage;nu.staldal.lagoon.core.LagoonContext
nu.staldal.lagoon.filestorage.SSHFileStorage;nu.staldal.lagoon.core.OutputHandler
nu.staldal.lagoon.filestorage.SSHFileStorage;nu.staldal.lagoon.core.RemoteFileStorage
nu.staldal.lagoon.filestorage.SSHFileStorage;nu.staldal.lagoon.filestorage.SSHFileStorage$SSHOutputHandler
nu.staldal.lagoon.filestorage.SSHFileStorage$SSHOutputHandler;nu.staldal.lagoon.core.OutputHandler
nu.staldal.lagoon.filestorage.SSHFileStorage$SSHOutputHandler;nu.staldal.lagoon.filestorage.SSHFileStorage
nu.staldal.lagoon.producer.BasicSplit;nu.staldal.lagoon.core.FileTarget
nu.staldal.lagoon.producer.BasicSplit;nu.staldal.lagoon.core.LagoonException
nu.staldal.lagoon.producer.BasicSplit;nu.staldal.lagoon.core.Target
nu.staldal.lagoon.producer.BasicSplit;nu.staldal.lagoon.core.Transform
nu.staldal.lagoon.producer.BasicSplit;nu.staldal.lagoon.core.XMLStreamProducer
nu.staldal.lagoon.producer.BasicSplit;nu.staldal.lagoon.producer.BasicSplit$1
nu.staldal.lagoon.producer.BasicSplit;nu.staldal.lagoon.util.ExpressionEvaluator
nu.staldal.lagoon.producer.BasicSplit;nu.staldal.lagoon.util.TemplateException
nu.staldal.lagoon.producer.BasicSplit;nu.staldal.lagoon.util.TemplateProcessor
nu.staldal.lagoon.producer.BasicSplit$1;nu.staldal.lagoon.util.ExpressionEvaluator
nu.staldal.lagoon.producer.BatikFormatter;nu.staldal.lagoon.core.Format
nu.staldal.lagoon.producer.BatikFormatter;nu.staldal.lagoon.core.LagoonContext
nu.staldal.lagoon.producer.BatikFormatter;nu.staldal.lagoon.core.LagoonException
nu.staldal.lagoon.producer.BatikFormatter;nu.staldal.lagoon.core.SourceManager
nu.staldal.lagoon.producer.BatikFormatter;nu.staldal.lagoon.core.Target
nu.staldal.lagoon.producer.BatikFormatter;nu.staldal.lagoon.core.XMLStreamProducer
nu.staldal.lagoon.producer.BatikFormatter;nu.staldal.lagoon.producer.BatikFormatter$1
nu.staldal.lagoon.producer.BatikFormatter$1;nu.staldal.lagoon.core.Target
nu.staldal.lagoon.producer.BatikFormatter$1;nu.staldal.lagoon.core.XMLStreamProducer
nu.staldal.lagoon.producer.BatikFormatter$1;nu.staldal.lagoon.producer.BatikFormatter
nu.staldal.lagoon.producer.DirSource;nu.staldal.lagoon.core.LagoonException
nu.staldal.lagoon.producer.DirSource;nu.staldal.lagoon.core.Source
nu.staldal.lagoon.producer.DirSource;nu.staldal.lagoon.core.SourceManager
nu.staldal.lagoon.producer.DirSource;nu.staldal.lagoon.core.Target
nu.staldal.lagoon.producer.DirSource;nu.staldal.lagoon.util.Wildcard
nu.staldal.lagoon.producer.FOPFormatter;nu.staldal.lagoon.core.Format
nu.staldal.lagoon.producer.FOPFormatter;nu.staldal.lagoon.core.LagoonException
nu.staldal.lagoon.producer.FOPFormatter;nu.staldal.lagoon.core.Target
nu.staldal.lagoon.producer.FOPFormatter;nu.staldal.lagoon.core.XMLStreamProducer
nu.staldal.lagoon.producer.FileRead;nu.staldal.lagoon.core.LagoonException
nu.staldal.lagoon.producer.FileRead;nu.staldal.lagoon.core.Read
nu.staldal.lagoon.producer.FileRead;nu.staldal.lagoon.core.SourceManager
nu.staldal.lagoon.producer.FileRead;nu.staldal.lagoon.core.Target
nu.staldal.lagoon.producer.FileSource;nu.staldal.lagoon.core.LagoonException
nu.staldal.lagoon.producer.FileSource;nu.staldal.lagoon.core.Source
nu.staldal.lagoon.producer.FileSource;nu.staldal.lagoon.core.SourceManager
nu.staldal.lagoon.producer.FileSource;nu.staldal.lagoon.core.Target
nu.staldal.lagoon.producer.IslandSplit;nu.staldal.lagoon.core.FileTarget
nu.staldal.lagoon.producer.IslandSplit;nu.staldal.lagoon.core.LagoonException
nu.staldal.lagoon.producer.IslandSplit;nu.staldal.lagoon.core.Target
nu.staldal.lagoon.producer.IslandSplit;nu.staldal.lagoon.core.Transform
nu.staldal.lagoon.producer.IslandSplit;nu.staldal.lagoon.core.XMLStreamProducer
nu.staldal.lagoon.producer.LSPTransformer;nu.staldal.lagoon.core.FileTarget
nu.staldal.lagoon.producer.LSPTransformer;nu.staldal.lagoon.core.LagoonContext
nu.staldal.lagoon.producer.LSPTransformer;nu.staldal.lagoon.core.LagoonException
nu.staldal.lagoon.producer.LSPTransformer;nu.staldal.lagoon.core.SourceManager
nu.staldal.lagoon.producer.LSPTransformer;nu.staldal.lagoon.core.Target
nu.staldal.lagoon.producer.LSPTransformer;nu.staldal.lagoon.core.Transform
nu.staldal.lagoon.producer.LSPTransformer;nu.staldal.lagoon.core.XMLStreamProducer
nu.staldal.lagoon.producer.LSPTransformer;nu.staldal.lagoon.producer.LSPTransformer$1
nu.staldal.lagoon.producer.LSPTransformer$1;nu.staldal.lagoon.core.SourceManager
nu.staldal.lagoon.producer.LSPTransformer$1;nu.staldal.lagoon.core.Target
nu.staldal.lagoon.producer.LSPTransformer$1;nu.staldal.lagoon.producer.LSPTransformer
nu.staldal.lagoon.producer.LSSIHandler;nu.staldal.lagoon.core.SourceManager
nu.staldal.lagoon.producer.LSSIHandler;nu.staldal.lagoon.core.Target
nu.staldal.lagoon.producer.LSSITransformer;nu.staldal.lagoon.core.LagoonException
nu.staldal.lagoon.producer.LSSITransformer;nu.staldal.lagoon.core.SourceManager
nu.staldal.lagoon.producer.LSSITransformer;nu.staldal.lagoon.core.Target
nu.staldal.lagoon.producer.LSSITransformer;nu.staldal.lagoon.core.Transform
nu.staldal.lagoon.producer.LSSITransformer;nu.staldal.lagoon.core.XMLStreamProducer
nu.staldal.lagoon.producer.LSSITransformer;nu.staldal.lagoon.producer.LSSIHandler
nu.staldal.lagoon.producer.MyOutputStream;nu.staldal.lagoon.producer.MyInputStream
nu.staldal.lagoon.producer.XMLFormatter;nu.staldal.lagoon.core.Format
nu.staldal.lagoon.producer.XMLFormatter;nu.staldal.lagoon.core.LagoonException
nu.staldal.lagoon.producer.XMLFormatter;nu.staldal.lagoon.core.Target
nu.staldal.lagoon.producer.XMLFormatter;nu.staldal.lagoon.core.XMLStreamProducer
nu.staldal.lagoon.producer.XMLParse;nu.staldal.lagoon.core.ByteStreamProducer
nu.staldal.lagoon.producer.XMLParse;nu.staldal.lagoon.core.LagoonException
nu.staldal.lagoon.producer.XMLParse;nu.staldal.lagoon.core.Parse
nu.staldal.lagoon.producer.XMLParse;nu.staldal.lagoon.core.Target
nu.staldal.lagoon.producer.XMLParse;nu.staldal.lagoon.producer.MyInputStream
nu.staldal.lagoon.producer.XMLParse;nu.staldal.lagoon.producer.MyOutputStream
nu.staldal.lagoon.producer.XMLParse;nu.staldal.lagoon.producer.XMLParse$1
nu.staldal.lagoon.producer.XMLParse$1;nu.staldal.lagoon.core.SourceManager
nu.staldal.lagoon.producer.XMLParse$1;nu.staldal.lagoon.producer.XMLParse
nu.staldal.lagoon.producer.XSLTransformer;nu.staldal.lagoon.core.LagoonContext
nu.staldal.lagoon.producer.XSLTransformer;nu.staldal.lagoon.core.LagoonException
nu.staldal.lagoon.producer.XSLTransformer;nu.staldal.lagoon.core.SourceManager
nu.staldal.lagoon.producer.XSLTransformer;nu.staldal.lagoon.core.Target
nu.staldal.lagoon.producer.XSLTransformer;nu.staldal.lagoon.core.Transform
nu.staldal.lagoon.producer.XSLTransformer;nu.staldal.lagoon.core.XMLStreamProducer
nu.staldal.lagoon.producer.XSLTransformer;nu.staldal.lagoon.producer.StylesheetContainer
nu.staldal.lagoon.producer.XSLTransformer;nu.staldal.lagoon.producer.XSLTransformer$1
nu.staldal.lagoon.producer.XSLTransformer;nu.staldal.lagoon.producer.XSLTransformer$2
nu.staldal.lagoon.producer.XSLTransformer$1;nu.staldal.lagoon.core.LagoonContext
nu.staldal.lagoon.producer.XSLTransformer$1;nu.staldal.lagoon.core.SourceManager
nu.staldal.lagoon.producer.XSLTransformer$1;nu.staldal.lagoon.core.Target
nu.staldal.lagoon.producer.XSLTransformer$1;nu.staldal.lagoon.producer.StylesheetContainer
nu.staldal.lagoon.producer.XSLTransformer$1;nu.staldal.lagoon.producer.XSLTransformer
nu.staldal.lagoon.producer.XSLTransformer$2;nu.staldal.lagoon.core.LagoonContext
nu.staldal.lagoon.producer.XSLTransformer$2;nu.staldal.lagoon.core.SourceManager
nu.staldal.lagoon.producer.XSLTransformer$2;nu.staldal.lagoon.core.Target
nu.staldal.lagoon.producer.XSLTransformer$2;nu.staldal.lagoon.producer.StylesheetContainer
nu.staldal.lagoon.producer.XSLTransformer$2;nu.staldal.lagoon.producer.XSLTransformer
nu.staldal.lagoon.util.TemplateProcessor;nu.staldal.lagoon.util.ExpressionEvaluator
nu.staldal.lagoon.util.TemplateProcessor;nu.staldal.lagoon.util.TemplateException
