com.gbshape.dbe.derby.DerbyDataBase;com.gbshape.dbe.idb.DataBase
com.gbshape.dbe.derby.DerbyDataBase;com.gbshape.dbe.struts.bean.DBDataBean
com.gbshape.dbe.derby.DerbyDataBase;com.gbshape.dbe.utils.DBEHelper
com.gbshape.dbe.derby.DerbyDataBaseList;com.gbshape.dbe.idb.DataBaseList
com.gbshape.dbe.derby.DerbyDataBaseList;com.gbshape.dbe.struts.bean.DBDataBean
com.gbshape.dbe.derby.DerbySequenceStructure;com.gbshape.dbe.idb.SequenceStructure
com.gbshape.dbe.derby.DerbySequenceStructure;com.gbshape.dbe.struts.bean.DBDataBean
com.gbshape.dbe.derby.DerbySequenceStructure;com.gbshape.dbe.struts.form.SequenceForm
com.gbshape.dbe.derby.DerbyTableList;com.gbshape.dbe.idb.TableList
com.gbshape.dbe.derby.DerbyTableList;com.gbshape.dbe.struts.bean.DBDataBean
com.gbshape.dbe.derby.DerbyTableList;com.gbshape.dbe.struts.bean.TableBean
com.gbshape.dbe.derby.DerbyTableList;com.gbshape.dbe.utils.DBEHelper
com.gbshape.dbe.derby.DerbyTableStructure;com.gbshape.dbe.idb.TableStructure
com.gbshape.dbe.derby.DerbyTableStructure;com.gbshape.dbe.sql.NonSelect
com.gbshape.dbe.derby.DerbyTableStructure;com.gbshape.dbe.struts.bean.ColumnBean
com.gbshape.dbe.derby.DerbyTableStructure;com.gbshape.dbe.struts.bean.DBDataBean
com.gbshape.dbe.derby.DerbyTableStructure;com.gbshape.dbe.struts.bean.DBEBean
com.gbshape.dbe.derby.DerbyTableStructure;com.gbshape.dbe.struts.bean.NonSelectResultBean
com.gbshape.dbe.derby.DerbyTableStructure;com.gbshape.dbe.struts.bean.TableStatusBean
com.gbshape.dbe.derby.DerbyTableStructure;com.gbshape.dbe.struts.bean.TableStructureBean
com.gbshape.dbe.derby.DerbyTableStructure;com.gbshape.dbe.struts.form.ColumnForm
com.gbshape.dbe.derby.DerbyTableStructure;com.gbshape.dbe.utils.DBEHelper
com.gbshape.dbe.derby.DerbyTableStructure;com.gbshape.dbe.xml.CreateTableXmlBean
com.gbshape.dbe.derby.DerbyViewStructure;com.gbshape.dbe.idb.ViewStructure
com.gbshape.dbe.derby.DerbyViewStructure;com.gbshape.dbe.sql.NonSelect
com.gbshape.dbe.derby.DerbyViewStructure;com.gbshape.dbe.struts.bean.DBDataBean
com.gbshape.dbe.derby.DerbyViewStructure;com.gbshape.dbe.struts.bean.DBEBean
com.gbshape.dbe.derby.DerbyViewStructure;com.gbshape.dbe.struts.bean.NonSelectResultBean
com.gbshape.dbe.derby.DerbyViewStructure;com.gbshape.dbe.struts.bean.ViewColumnBean
com.gbshape.dbe.derby.DerbyViewStructure;com.gbshape.dbe.struts.bean.ViewStatusBean
com.gbshape.dbe.derby.DerbyViewStructure;com.gbshape.dbe.struts.bean.ViewStructureBean
com.gbshape.dbe.derby.DerbyViewStructure;com.gbshape.dbe.utils.DBEHelper
com.gbshape.dbe.factory.DataBaseFactory;com.gbshape.dbe.idb.DataBase
com.gbshape.dbe.factory.DataBaseListFactory;com.gbshape.dbe.idb.DataBaseList
com.gbshape.dbe.factory.SequenceStructureFactory;com.gbshape.dbe.idb.SequenceStructure
com.gbshape.dbe.factory.TableListFactory;com.gbshape.dbe.idb.TableList
com.gbshape.dbe.factory.TableStructureFactory;com.gbshape.dbe.idb.TableStructure
com.gbshape.dbe.factory.ViewStructureFactory;com.gbshape.dbe.idb.ViewStructure
com.gbshape.dbe.idb.DataBase;com.gbshape.dbe.struts.bean.DBDataBean
com.gbshape.dbe.idb.DataBaseList;com.gbshape.dbe.struts.bean.DBDataBean
com.gbshape.dbe.idb.SequenceStructure;com.gbshape.dbe.struts.bean.DBDataBean
com.gbshape.dbe.idb.SequenceStructure;com.gbshape.dbe.struts.form.SequenceForm
com.gbshape.dbe.idb.TableList;com.gbshape.dbe.struts.bean.DBDataBean
com.gbshape.dbe.idb.TableStructure;com.gbshape.dbe.struts.bean.ColumnBean
com.gbshape.dbe.idb.TableStructure;com.gbshape.dbe.struts.bean.DBDataBean
com.gbshape.dbe.idb.TableStructure;com.gbshape.dbe.struts.bean.TableStatusBean
com.gbshape.dbe.idb.TableStructure;com.gbshape.dbe.struts.bean.TableStructureBean
com.gbshape.dbe.idb.TableStructure;com.gbshape.dbe.struts.form.ColumnForm
com.gbshape.dbe.idb.TableStructure;com.gbshape.dbe.xml.CreateTableXmlBean
com.gbshape.dbe.idb.ViewStructure;com.gbshape.dbe.struts.bean.DBDataBean
com.gbshape.dbe.idb.ViewStructure;com.gbshape.dbe.struts.bean.ViewStatusBean
com.gbshape.dbe.idb.ViewStructure;com.gbshape.dbe.struts.bean.ViewStructureBean
com.gbshape.dbe.importdata.CSVTableImport;com.gbshape.dbe.factory.TableListFactory
com.gbshape.dbe.importdata.CSVTableImport;com.gbshape.dbe.factory.TableStructureFactory
com.gbshape.dbe.importdata.CSVTableImport;com.gbshape.dbe.idb.TableList
com.gbshape.dbe.importdata.CSVTableImport;com.gbshape.dbe.idb.TableStructure
com.gbshape.dbe.importdata.CSVTableImport;com.gbshape.dbe.importdata.ImportTask
com.gbshape.dbe.importdata.CSVTableImport;com.gbshape.dbe.importdata.ParameterBean
com.gbshape.dbe.importdata.CSVTableImport;com.gbshape.dbe.sql.NonSelect
com.gbshape.dbe.importdata.CSVTableImport;com.gbshape.dbe.struts.bean.ColumnBean
com.gbshape.dbe.importdata.CSVTableImport;com.gbshape.dbe.struts.bean.DBDataBean
com.gbshape.dbe.importdata.CSVTableImport;com.gbshape.dbe.struts.bean.DBEBean
com.gbshape.dbe.importdata.CSVTableImport;com.gbshape.dbe.struts.bean.NonSelectResultBean
com.gbshape.dbe.importdata.CSVTableImport;com.gbshape.dbe.struts.bean.TableBean
com.gbshape.dbe.importdata.CSVTableImport;com.gbshape.dbe.struts.bean.TableStructureBean
com.gbshape.dbe.importdata.CSVTableImport;com.gbshape.dbe.utils.DBEHelper
com.gbshape.dbe.importdata.CSVTableImport;com.gbshape.dbe.utils.DBEUtils
com.gbshape.dbe.importdata.ImportTask;com.gbshape.dbe.struts.bean.DBDataBean
com.gbshape.dbe.mysql.MysqlDataBase;com.gbshape.dbe.idb.DataBase
com.gbshape.dbe.mysql.MysqlDataBase;com.gbshape.dbe.struts.bean.DBDataBean
com.gbshape.dbe.mysql.MysqlDataBase;com.gbshape.dbe.utils.DBEHelper
com.gbshape.dbe.mysql.MysqlDataBaseList;com.gbshape.dbe.idb.DataBaseList
com.gbshape.dbe.mysql.MysqlDataBaseList;com.gbshape.dbe.struts.bean.DBDataBean
com.gbshape.dbe.mysql.MysqlDataBaseList;com.gbshape.dbe.struts.bean.DataBaseBean
com.gbshape.dbe.mysql.MysqlDataBaseList;com.gbshape.dbe.utils.DBEHelper
com.gbshape.dbe.mysql.MysqlSequenceStructure;com.gbshape.dbe.idb.SequenceStructure
com.gbshape.dbe.mysql.MysqlSequenceStructure;com.gbshape.dbe.struts.bean.DBDataBean
com.gbshape.dbe.mysql.MysqlSequenceStructure;com.gbshape.dbe.struts.bean.SequenceStructureBean
com.gbshape.dbe.mysql.MysqlSequenceStructure;com.gbshape.dbe.struts.form.SequenceForm
com.gbshape.dbe.mysql.MysqlSequenceStructure;com.gbshape.dbe.utils.DBEHelper
com.gbshape.dbe.mysql.MysqlTableList;com.gbshape.dbe.idb.TableList
com.gbshape.dbe.mysql.MysqlTableList;com.gbshape.dbe.struts.bean.DBDataBean
com.gbshape.dbe.mysql.MysqlTableList;com.gbshape.dbe.struts.bean.TableBean
com.gbshape.dbe.mysql.MysqlTableList;com.gbshape.dbe.utils.DBEHelper
com.gbshape.dbe.mysql.MysqlTableStructure;com.gbshape.dbe.idb.TableStructure
com.gbshape.dbe.mysql.MysqlTableStructure;com.gbshape.dbe.sql.NonSelect
com.gbshape.dbe.mysql.MysqlTableStructure;com.gbshape.dbe.struts.bean.ColumnBean
com.gbshape.dbe.mysql.MysqlTableStructure;com.gbshape.dbe.struts.bean.ConstraintBean
com.gbshape.dbe.mysql.MysqlTableStructure;com.gbshape.dbe.struts.bean.DBDataBean
com.gbshape.dbe.mysql.MysqlTableStructure;com.gbshape.dbe.struts.bean.DBEBean
com.gbshape.dbe.mysql.MysqlTableStructure;com.gbshape.dbe.struts.bean.NonSelectResultBean
com.gbshape.dbe.mysql.MysqlTableStructure;com.gbshape.dbe.struts.bean.TableStatusBean
com.gbshape.dbe.mysql.MysqlTableStructure;com.gbshape.dbe.struts.bean.TableStructureBean
com.gbshape.dbe.mysql.MysqlTableStructure;com.gbshape.dbe.struts.form.ColumnForm
com.gbshape.dbe.mysql.MysqlTableStructure;com.gbshape.dbe.utils.DBEHelper
com.gbshape.dbe.mysql.MysqlTableStructure;com.gbshape.dbe.xml.CreateTableXmlBean
com.gbshape.dbe.mysql.MysqlViewStructure;com.gbshape.dbe.idb.ViewStructure
com.gbshape.dbe.mysql.MysqlViewStructure;com.gbshape.dbe.sql.NonSelect
com.gbshape.dbe.mysql.MysqlViewStructure;com.gbshape.dbe.struts.bean.DBDataBean
com.gbshape.dbe.mysql.MysqlViewStructure;com.gbshape.dbe.struts.bean.DBEBean
com.gbshape.dbe.mysql.MysqlViewStructure;com.gbshape.dbe.struts.bean.NonSelectResultBean
com.gbshape.dbe.mysql.MysqlViewStructure;com.gbshape.dbe.struts.bean.ViewColumnBean
com.gbshape.dbe.mysql.MysqlViewStructure;com.gbshape.dbe.struts.bean.ViewStatusBean
com.gbshape.dbe.mysql.MysqlViewStructure;com.gbshape.dbe.struts.bean.ViewStructureBean
com.gbshape.dbe.mysql.MysqlViewStructure;com.gbshape.dbe.utils.DBEHelper
com.gbshape.dbe.oracle.OracleDataBase;com.gbshape.dbe.idb.DataBase
com.gbshape.dbe.oracle.OracleDataBase;com.gbshape.dbe.struts.bean.DBDataBean
com.gbshape.dbe.oracle.OracleDataBase;com.gbshape.dbe.utils.DBEHelper
com.gbshape.dbe.oracle.OracleSequenceStructure;com.gbshape.dbe.idb.SequenceStructure
com.gbshape.dbe.oracle.OracleSequenceStructure;com.gbshape.dbe.sql.NonSelect
com.gbshape.dbe.oracle.OracleSequenceStructure;com.gbshape.dbe.struts.bean.DBDataBean
com.gbshape.dbe.oracle.OracleSequenceStructure;com.gbshape.dbe.struts.bean.DBEBean
com.gbshape.dbe.oracle.OracleSequenceStructure;com.gbshape.dbe.struts.bean.NonSelectResultBean
com.gbshape.dbe.oracle.OracleSequenceStructure;com.gbshape.dbe.struts.bean.SequenceStructureBean
com.gbshape.dbe.oracle.OracleSequenceStructure;com.gbshape.dbe.struts.form.SequenceForm
com.gbshape.dbe.oracle.OracleSequenceStructure;com.gbshape.dbe.utils.DBEHelper
com.gbshape.dbe.oracle.OracleTableList;com.gbshape.dbe.idb.TableList
com.gbshape.dbe.oracle.OracleTableList;com.gbshape.dbe.struts.bean.DBDataBean
com.gbshape.dbe.oracle.OracleTableList;com.gbshape.dbe.struts.bean.TableBean
com.gbshape.dbe.oracle.OracleTableList;com.gbshape.dbe.utils.DBEHelper
com.gbshape.dbe.oracle.OracleTableStructure;com.gbshape.dbe.idb.TableStructure
com.gbshape.dbe.oracle.OracleTableStructure;com.gbshape.dbe.sql.NonSelect
com.gbshape.dbe.oracle.OracleTableStructure;com.gbshape.dbe.struts.bean.ColumnBean
com.gbshape.dbe.oracle.OracleTableStructure;com.gbshape.dbe.struts.bean.ConstraintBean
com.gbshape.dbe.oracle.OracleTableStructure;com.gbshape.dbe.struts.bean.DBDataBean
com.gbshape.dbe.oracle.OracleTableStructure;com.gbshape.dbe.struts.bean.DBEBean
com.gbshape.dbe.oracle.OracleTableStructure;com.gbshape.dbe.struts.bean.NonSelectResultBean
com.gbshape.dbe.oracle.OracleTableStructure;com.gbshape.dbe.struts.bean.TableStatusBean
com.gbshape.dbe.oracle.OracleTableStructure;com.gbshape.dbe.struts.bean.TableStructureBean
com.gbshape.dbe.oracle.OracleTableStructure;com.gbshape.dbe.struts.form.ColumnForm
com.gbshape.dbe.oracle.OracleTableStructure;com.gbshape.dbe.utils.DBEHelper
com.gbshape.dbe.oracle.OracleTableStructure;com.gbshape.dbe.xml.CreateTableXmlBean
com.gbshape.dbe.oracle.OracleViewStructure;com.gbshape.dbe.idb.ViewStructure
com.gbshape.dbe.oracle.OracleViewStructure;com.gbshape.dbe.sql.NonSelect
com.gbshape.dbe.oracle.OracleViewStructure;com.gbshape.dbe.struts.bean.DBDataBean
com.gbshape.dbe.oracle.OracleViewStructure;com.gbshape.dbe.struts.bean.DBEBean
com.gbshape.dbe.oracle.OracleViewStructure;com.gbshape.dbe.struts.bean.NonSelectResultBean
com.gbshape.dbe.oracle.OracleViewStructure;com.gbshape.dbe.struts.bean.ViewStatusBean
com.gbshape.dbe.oracle.OracleViewStructure;com.gbshape.dbe.struts.bean.ViewStructureBean
com.gbshape.dbe.oracle.OracleViewStructure;com.gbshape.dbe.utils.DBEHelper
com.gbshape.dbe.sapdb.SapdbDataBase;com.gbshape.dbe.idb.DataBase
com.gbshape.dbe.sapdb.SapdbDataBase;com.gbshape.dbe.struts.bean.DBDataBean
com.gbshape.dbe.sapdb.SapdbDataBase;com.gbshape.dbe.utils.DBEHelper
com.gbshape.dbe.sapdb.SapdbSequenceStructure;com.gbshape.dbe.idb.SequenceStructure
com.gbshape.dbe.sapdb.SapdbSequenceStructure;com.gbshape.dbe.sql.NonSelect
com.gbshape.dbe.sapdb.SapdbSequenceStructure;com.gbshape.dbe.struts.bean.DBDataBean
com.gbshape.dbe.sapdb.SapdbSequenceStructure;com.gbshape.dbe.struts.bean.DBEBean
com.gbshape.dbe.sapdb.SapdbSequenceStructure;com.gbshape.dbe.struts.bean.NonSelectResultBean
com.gbshape.dbe.sapdb.SapdbSequenceStructure;com.gbshape.dbe.struts.bean.SequenceStructureBean
com.gbshape.dbe.sapdb.SapdbSequenceStructure;com.gbshape.dbe.struts.form.SequenceForm
com.gbshape.dbe.sapdb.SapdbSequenceStructure;com.gbshape.dbe.utils.DBEHelper
com.gbshape.dbe.sapdb.SapdbTableList;com.gbshape.dbe.idb.TableList
com.gbshape.dbe.sapdb.SapdbTableList;com.gbshape.dbe.struts.bean.DBDataBean
com.gbshape.dbe.sapdb.SapdbTableList;com.gbshape.dbe.struts.bean.TableBean
com.gbshape.dbe.sapdb.SapdbTableList;com.gbshape.dbe.utils.DBEHelper
com.gbshape.dbe.sapdb.SapdbTableStructure;com.gbshape.dbe.idb.TableStructure
com.gbshape.dbe.sapdb.SapdbTableStructure;com.gbshape.dbe.sql.NonSelect
com.gbshape.dbe.sapdb.SapdbTableStructure;com.gbshape.dbe.struts.bean.ColumnBean
com.gbshape.dbe.sapdb.SapdbTableStructure;com.gbshape.dbe.struts.bean.ConstraintBean
com.gbshape.dbe.sapdb.SapdbTableStructure;com.gbshape.dbe.struts.bean.DBDataBean
com.gbshape.dbe.sapdb.SapdbTableStructure;com.gbshape.dbe.struts.bean.DBEBean
com.gbshape.dbe.sapdb.SapdbTableStructure;com.gbshape.dbe.struts.bean.NonSelectResultBean
com.gbshape.dbe.sapdb.SapdbTableStructure;com.gbshape.dbe.struts.bean.TableStatusBean
com.gbshape.dbe.sapdb.SapdbTableStructure;com.gbshape.dbe.struts.bean.TableStructureBean
com.gbshape.dbe.sapdb.SapdbTableStructure;com.gbshape.dbe.struts.form.ColumnForm
com.gbshape.dbe.sapdb.SapdbTableStructure;com.gbshape.dbe.utils.DBEHelper
com.gbshape.dbe.sapdb.SapdbTableStructure;com.gbshape.dbe.xml.CreateTableXmlBean
com.gbshape.dbe.sapdb.SapdbViewStructure;com.gbshape.dbe.idb.ViewStructure
com.gbshape.dbe.sapdb.SapdbViewStructure;com.gbshape.dbe.sql.NonSelect
com.gbshape.dbe.sapdb.SapdbViewStructure;com.gbshape.dbe.struts.bean.DBDataBean
com.gbshape.dbe.sapdb.SapdbViewStructure;com.gbshape.dbe.struts.bean.DBEBean
com.gbshape.dbe.sapdb.SapdbViewStructure;com.gbshape.dbe.struts.bean.NonSelectResultBean
com.gbshape.dbe.sapdb.SapdbViewStructure;com.gbshape.dbe.struts.bean.ViewColumnBean
com.gbshape.dbe.sapdb.SapdbViewStructure;com.gbshape.dbe.struts.bean.ViewStatusBean
com.gbshape.dbe.sapdb.SapdbViewStructure;com.gbshape.dbe.struts.bean.ViewStructureBean
com.gbshape.dbe.sapdb.SapdbViewStructure;com.gbshape.dbe.utils.DBEHelper
com.gbshape.dbe.sql.NonSelect;com.gbshape.dbe.struts.bean.DBDataBean
com.gbshape.dbe.sql.NonSelect;com.gbshape.dbe.struts.bean.DBEBean
com.gbshape.dbe.sql.NonSelect;com.gbshape.dbe.struts.bean.MessageBean
com.gbshape.dbe.sql.NonSelect;com.gbshape.dbe.struts.bean.NonSelectResultBean
com.gbshape.dbe.sql.NonSelect;com.gbshape.dbe.utils.DBEHelper
com.gbshape.dbe.sql.Select;com.gbshape.dbe.struts.bean.ColumnBean
com.gbshape.dbe.sql.Select;com.gbshape.dbe.struts.bean.DBDataBean
com.gbshape.dbe.sql.Select;com.gbshape.dbe.struts.bean.DBEBean
com.gbshape.dbe.sql.Select;com.gbshape.dbe.struts.bean.FieldBean
com.gbshape.dbe.sql.Select;com.gbshape.dbe.struts.bean.MessageBean
com.gbshape.dbe.sql.Select;com.gbshape.dbe.struts.bean.SelectResultBean
com.gbshape.dbe.sql.Select;com.gbshape.dbe.utils.DBEHelper
com.gbshape.dbe.sql.Select;com.gbshape.dbe.utils.IteratorException
com.gbshape.dbe.sql.Select;com.gbshape.dbe.utils.ValueListHandler
com.gbshape.dbe.sql.SimpleCount;com.gbshape.dbe.struts.bean.DBDataBean
com.gbshape.dbe.sql.SimpleCount;com.gbshape.dbe.utils.DBEHelper
com.gbshape.dbe.struts.action.AlterTableAction;com.gbshape.dbe.factory.TableStructureFactory
com.gbshape.dbe.struts.action.AlterTableAction;com.gbshape.dbe.idb.TableStructure
com.gbshape.dbe.struts.action.AlterTableAction;com.gbshape.dbe.sql.NonSelect
com.gbshape.dbe.struts.action.AlterTableAction;com.gbshape.dbe.struts.bean.ColumnBean
com.gbshape.dbe.struts.action.AlterTableAction;com.gbshape.dbe.struts.bean.DBDataBean
com.gbshape.dbe.struts.action.AlterTableAction;com.gbshape.dbe.struts.bean.DBEBean
com.gbshape.dbe.struts.action.AlterTableAction;com.gbshape.dbe.struts.bean.NonSelectResultBean
com.gbshape.dbe.struts.action.AlterTableAction;com.gbshape.dbe.struts.bean.TableStructureBean
com.gbshape.dbe.struts.action.AlterTableAction;com.gbshape.dbe.struts.form.ColumnForm
com.gbshape.dbe.struts.action.AlterTableAction;com.gbshape.dbe.utils.DBEHelper
com.gbshape.dbe.struts.action.CreateImportFormAction;com.gbshape.dbe.importdata.ImportTask
com.gbshape.dbe.struts.action.CreateImportFormAction;com.gbshape.dbe.struts.bean.DBDataBean
com.gbshape.dbe.struts.action.CreateSequenceAction;com.gbshape.dbe.factory.SequenceStructureFactory
com.gbshape.dbe.struts.action.CreateSequenceAction;com.gbshape.dbe.idb.SequenceStructure
com.gbshape.dbe.struts.action.CreateSequenceAction;com.gbshape.dbe.sql.NonSelect
com.gbshape.dbe.struts.action.CreateSequenceAction;com.gbshape.dbe.struts.bean.DBDataBean
com.gbshape.dbe.struts.action.CreateSequenceAction;com.gbshape.dbe.struts.bean.DBEBean
com.gbshape.dbe.struts.action.CreateSequenceAction;com.gbshape.dbe.struts.bean.NonSelectResultBean
com.gbshape.dbe.struts.action.CreateSequenceAction;com.gbshape.dbe.struts.form.SequenceForm
com.gbshape.dbe.struts.action.CreateSequenceAction;com.gbshape.dbe.utils.DBEHelper
com.gbshape.dbe.struts.action.CreateTableAction;com.gbshape.dbe.factory.TableStructureFactory
com.gbshape.dbe.struts.action.CreateTableAction;com.gbshape.dbe.idb.TableStructure
com.gbshape.dbe.struts.action.CreateTableAction;com.gbshape.dbe.sql.NonSelect
com.gbshape.dbe.struts.action.CreateTableAction;com.gbshape.dbe.struts.bean.ColumnBean
com.gbshape.dbe.struts.action.CreateTableAction;com.gbshape.dbe.struts.bean.DBDataBean
com.gbshape.dbe.struts.action.CreateTableAction;com.gbshape.dbe.struts.bean.DBEBean
com.gbshape.dbe.struts.action.CreateTableAction;com.gbshape.dbe.struts.bean.NonSelectResultBean
com.gbshape.dbe.struts.action.CreateTableAction;com.gbshape.dbe.utils.DBEHelper
com.gbshape.dbe.struts.action.CreateTableAction;com.gbshape.dbe.xml.CreateTableXmlBean
com.gbshape.dbe.struts.action.CreateViewAction;com.gbshape.dbe.factory.ViewStructureFactory
com.gbshape.dbe.struts.action.CreateViewAction;com.gbshape.dbe.idb.ViewStructure
com.gbshape.dbe.struts.action.CreateViewAction;com.gbshape.dbe.struts.bean.DBDataBean
com.gbshape.dbe.struts.action.DBListAction;com.gbshape.dbe.factory.DataBaseListFactory
com.gbshape.dbe.struts.action.DBListAction;com.gbshape.dbe.idb.DataBaseList
com.gbshape.dbe.struts.action.DBListAction;com.gbshape.dbe.struts.bean.DBDataBean
com.gbshape.dbe.struts.action.DBStructureAction;com.gbshape.dbe.factory.SequenceStructureFactory
com.gbshape.dbe.struts.action.DBStructureAction;com.gbshape.dbe.factory.TableListFactory
com.gbshape.dbe.struts.action.DBStructureAction;com.gbshape.dbe.factory.TableStructureFactory
com.gbshape.dbe.struts.action.DBStructureAction;com.gbshape.dbe.factory.ViewStructureFactory
com.gbshape.dbe.struts.action.DBStructureAction;com.gbshape.dbe.idb.SequenceStructure
com.gbshape.dbe.struts.action.DBStructureAction;com.gbshape.dbe.idb.TableList
com.gbshape.dbe.struts.action.DBStructureAction;com.gbshape.dbe.idb.TableStructure
com.gbshape.dbe.struts.action.DBStructureAction;com.gbshape.dbe.idb.ViewStructure
com.gbshape.dbe.struts.action.DBStructureAction;com.gbshape.dbe.struts.bean.DBDataBean
com.gbshape.dbe.struts.action.DBStructureAction;com.gbshape.dbe.struts.bean.TableBean
com.gbshape.dbe.struts.action.DBStructureAction;com.gbshape.dbe.struts.bean.TableStatusBean
com.gbshape.dbe.struts.action.DBStructureAction;com.gbshape.dbe.struts.bean.ViewStatusBean
com.gbshape.dbe.struts.action.DBStructureAction;com.gbshape.dbe.utils.DBEHelper
com.gbshape.dbe.struts.action.DeleteAction;com.gbshape.dbe.factory.TableStructureFactory
com.gbshape.dbe.struts.action.DeleteAction;com.gbshape.dbe.idb.TableStructure
com.gbshape.dbe.struts.action.DeleteAction;com.gbshape.dbe.sql.NonSelect
com.gbshape.dbe.struts.action.DeleteAction;com.gbshape.dbe.struts.bean.ColumnBean
com.gbshape.dbe.struts.action.DeleteAction;com.gbshape.dbe.struts.bean.DBDataBean
com.gbshape.dbe.struts.action.DeleteAction;com.gbshape.dbe.struts.bean.DBEBean
com.gbshape.dbe.struts.action.DeleteAction;com.gbshape.dbe.struts.bean.NonSelectResultBean
com.gbshape.dbe.struts.action.DeleteAction;com.gbshape.dbe.struts.bean.TableStructureBean
com.gbshape.dbe.struts.action.DeleteAction;com.gbshape.dbe.utils.DBEHelper
com.gbshape.dbe.struts.action.DropAction;com.gbshape.dbe.factory.SequenceStructureFactory
com.gbshape.dbe.struts.action.DropAction;com.gbshape.dbe.factory.TableStructureFactory
com.gbshape.dbe.struts.action.DropAction;com.gbshape.dbe.factory.ViewStructureFactory
com.gbshape.dbe.struts.action.DropAction;com.gbshape.dbe.idb.SequenceStructure
com.gbshape.dbe.struts.action.DropAction;com.gbshape.dbe.idb.TableStructure
com.gbshape.dbe.struts.action.DropAction;com.gbshape.dbe.idb.ViewStructure
com.gbshape.dbe.struts.action.DropAction;com.gbshape.dbe.struts.bean.DBDataBean
com.gbshape.dbe.struts.action.ExportDataAction;com.gbshape.dbe.factory.TableStructureFactory
com.gbshape.dbe.struts.action.ExportDataAction;com.gbshape.dbe.idb.TableStructure
com.gbshape.dbe.struts.action.ExportDataAction;com.gbshape.dbe.sql.Select
com.gbshape.dbe.struts.action.ExportDataAction;com.gbshape.dbe.struts.bean.ColumnBean
com.gbshape.dbe.struts.action.ExportDataAction;com.gbshape.dbe.struts.bean.DBDataBean
com.gbshape.dbe.struts.action.ExportDataAction;com.gbshape.dbe.struts.bean.DBEBean
com.gbshape.dbe.struts.action.ExportDataAction;com.gbshape.dbe.struts.bean.FieldBean
com.gbshape.dbe.struts.action.ExportDataAction;com.gbshape.dbe.struts.bean.FieldBean[]
com.gbshape.dbe.struts.action.ExportDataAction;com.gbshape.dbe.struts.bean.SelectResultBean
com.gbshape.dbe.struts.action.ExportDataAction;com.gbshape.dbe.struts.bean.TableStatusBean
com.gbshape.dbe.struts.action.ExportDataAction;com.gbshape.dbe.struts.bean.TableStructureBean
com.gbshape.dbe.struts.action.ExportDataAction;com.gbshape.dbe.utils.DBEHelper
com.gbshape.dbe.struts.action.ExportDataAction;com.gbshape.dbe.utils.ValueListHandler
com.gbshape.dbe.struts.action.ExportDataAction;com.gbshape.dbe.xml.CreateTableXmlBean
com.gbshape.dbe.struts.action.InsertFormAction;com.gbshape.dbe.factory.TableStructureFactory
com.gbshape.dbe.struts.action.InsertFormAction;com.gbshape.dbe.idb.TableStructure
com.gbshape.dbe.struts.action.InsertFormAction;com.gbshape.dbe.struts.bean.DBDataBean
com.gbshape.dbe.struts.action.InsertFormAction;com.gbshape.dbe.struts.bean.TableStructureBean
com.gbshape.dbe.struts.action.InsertRowAction;com.gbshape.dbe.factory.TableStructureFactory
com.gbshape.dbe.struts.action.InsertRowAction;com.gbshape.dbe.idb.TableStructure
com.gbshape.dbe.struts.action.InsertRowAction;com.gbshape.dbe.sql.NonSelect
com.gbshape.dbe.struts.action.InsertRowAction;com.gbshape.dbe.struts.bean.DBDataBean
com.gbshape.dbe.struts.action.InsertRowAction;com.gbshape.dbe.struts.bean.DBEBean
com.gbshape.dbe.struts.action.InsertRowAction;com.gbshape.dbe.struts.bean.NonSelectResultBean
com.gbshape.dbe.struts.action.InsertRowAction;com.gbshape.dbe.struts.bean.TableStructureBean
com.gbshape.dbe.struts.action.InsertRowAction;com.gbshape.dbe.utils.DBEHelper
com.gbshape.dbe.struts.action.LoginAction;com.gbshape.dbe.factory.DataBaseFactory
com.gbshape.dbe.struts.action.LoginAction;com.gbshape.dbe.idb.DataBase
com.gbshape.dbe.struts.action.LoginAction;com.gbshape.dbe.struts.bean.DBDataBean
com.gbshape.dbe.struts.action.LoginAction;com.gbshape.dbe.struts.bean.MessageBean
com.gbshape.dbe.struts.action.LoginAction;com.gbshape.dbe.struts.form.DBDataForm
com.gbshape.dbe.struts.action.LoginAction;com.gbshape.dbe.utils.DBEHelper
com.gbshape.dbe.struts.action.SQLQueryAction;com.gbshape.dbe.sql.NonSelect
com.gbshape.dbe.struts.action.SQLQueryAction;com.gbshape.dbe.sql.Select
com.gbshape.dbe.struts.action.SQLQueryAction;com.gbshape.dbe.struts.bean.DBDataBean
com.gbshape.dbe.struts.action.SQLQueryAction;com.gbshape.dbe.struts.bean.DBEBean
com.gbshape.dbe.struts.action.SQLQueryAction;com.gbshape.dbe.struts.bean.NonSelectResultBean
com.gbshape.dbe.struts.action.SQLQueryAction;com.gbshape.dbe.struts.bean.SelectResultBean
com.gbshape.dbe.struts.action.SQLQueryAction;com.gbshape.dbe.utils.DBEHelper
com.gbshape.dbe.struts.action.SQLQueryAction;com.gbshape.dbe.utils.ValueListHandler
com.gbshape.dbe.struts.action.SwitchDBAction;com.gbshape.dbe.struts.bean.DBDataBean
com.gbshape.dbe.struts.action.TableListAction;com.gbshape.dbe.factory.TableListFactory
com.gbshape.dbe.struts.action.TableListAction;com.gbshape.dbe.idb.TableList
com.gbshape.dbe.struts.action.TableListAction;com.gbshape.dbe.struts.bean.DBDataBean
com.gbshape.dbe.struts.action.TableLoadDataAction;com.gbshape.dbe.factory.TableStructureFactory
com.gbshape.dbe.struts.action.TableLoadDataAction;com.gbshape.dbe.factory.ViewStructureFactory
com.gbshape.dbe.struts.action.TableLoadDataAction;com.gbshape.dbe.idb.TableStructure
com.gbshape.dbe.struts.action.TableLoadDataAction;com.gbshape.dbe.idb.ViewStructure
com.gbshape.dbe.struts.action.TableLoadDataAction;com.gbshape.dbe.sql.Select
com.gbshape.dbe.struts.action.TableLoadDataAction;com.gbshape.dbe.sql.SimpleCount
com.gbshape.dbe.struts.action.TableLoadDataAction;com.gbshape.dbe.struts.bean.ColumnBean
com.gbshape.dbe.struts.action.TableLoadDataAction;com.gbshape.dbe.struts.bean.DBDataBean
com.gbshape.dbe.struts.action.TableLoadDataAction;com.gbshape.dbe.struts.bean.DBEBean
com.gbshape.dbe.struts.action.TableLoadDataAction;com.gbshape.dbe.struts.bean.SelectResultBean
com.gbshape.dbe.struts.action.TableLoadDataAction;com.gbshape.dbe.struts.bean.TableStructureBean
com.gbshape.dbe.struts.action.TableLoadDataAction;com.gbshape.dbe.utils.DBEHelper
com.gbshape.dbe.struts.action.TableStructureAction;com.gbshape.dbe.factory.TableStructureFactory
com.gbshape.dbe.struts.action.TableStructureAction;com.gbshape.dbe.idb.TableStructure
com.gbshape.dbe.struts.action.TableStructureAction;com.gbshape.dbe.struts.bean.DBDataBean
com.gbshape.dbe.struts.action.TableStructureAction;com.gbshape.dbe.struts.bean.TableStatusBean
com.gbshape.dbe.struts.action.TableStructureAction;com.gbshape.dbe.struts.bean.TableStructureBean
com.gbshape.dbe.struts.action.TableStructureAction;com.gbshape.dbe.xml.CreateTableXmlBean
com.gbshape.dbe.struts.action.TruncateAction;com.gbshape.dbe.factory.TableStructureFactory
com.gbshape.dbe.struts.action.TruncateAction;com.gbshape.dbe.idb.TableStructure
com.gbshape.dbe.struts.action.TruncateAction;com.gbshape.dbe.struts.bean.DBDataBean
com.gbshape.dbe.struts.action.UpdateDataAction;com.gbshape.dbe.factory.TableStructureFactory
com.gbshape.dbe.struts.action.UpdateDataAction;com.gbshape.dbe.idb.TableStructure
com.gbshape.dbe.struts.action.UpdateDataAction;com.gbshape.dbe.sql.NonSelect
com.gbshape.dbe.struts.action.UpdateDataAction;com.gbshape.dbe.struts.bean.ColumnBean
com.gbshape.dbe.struts.action.UpdateDataAction;com.gbshape.dbe.struts.bean.DBDataBean
com.gbshape.dbe.struts.action.UpdateDataAction;com.gbshape.dbe.struts.bean.DBEBean
com.gbshape.dbe.struts.action.UpdateDataAction;com.gbshape.dbe.struts.bean.NonSelectResultBean
com.gbshape.dbe.struts.action.UpdateDataAction;com.gbshape.dbe.struts.bean.TableStructureBean
com.gbshape.dbe.struts.action.UpdateDataAction;com.gbshape.dbe.utils.DBEHelper
com.gbshape.dbe.struts.action.UploadFileAction;com.gbshape.dbe.importdata.ImportTask
com.gbshape.dbe.struts.action.UploadFileAction;com.gbshape.dbe.struts.bean.DBDataBean
com.gbshape.dbe.struts.action.UploadFileAction;com.gbshape.dbe.struts.form.UploadFileForm
com.gbshape.dbe.struts.action.ViewStructureAction;com.gbshape.dbe.factory.ViewStructureFactory
com.gbshape.dbe.struts.action.ViewStructureAction;com.gbshape.dbe.idb.ViewStructure
com.gbshape.dbe.struts.action.ViewStructureAction;com.gbshape.dbe.struts.bean.DBDataBean
com.gbshape.dbe.struts.action.ViewStructureAction;com.gbshape.dbe.struts.bean.ViewStructureBean
com.gbshape.dbe.struts.bean.NonSelectResultBean;com.gbshape.dbe.struts.bean.DBEBean
com.gbshape.dbe.struts.bean.SelectResultBean;com.gbshape.dbe.struts.bean.ColumnBean
com.gbshape.dbe.struts.bean.SelectResultBean;com.gbshape.dbe.struts.bean.DBEBean
com.gbshape.dbe.struts.bean.SelectResultBean;com.gbshape.dbe.utils.ValueListHandler
com.gbshape.dbe.utils.DBEHelper;com.gbshape.dbe.struts.bean.ColumnBean
com.gbshape.dbe.utils.DBEHelper;com.gbshape.dbe.struts.bean.DBDataBean
com.gbshape.dbe.utils.DBEHelper;com.gbshape.dbe.struts.bean.DataTypeBean
com.gbshape.dbe.utils.DBEHelper;com.gbshape.dbe.struts.bean.MessageBean
com.gbshape.dbe.utils.DBEHelper;com.gbshape.dbe.struts.bean.TableStructureBean
com.gbshape.dbe.utils.SecurityFilter;com.gbshape.dbe.struts.bean.DBDataBean
com.gbshape.dbe.utils.ValueListHandler;com.gbshape.dbe.utils.IteratorException
com.gbshape.dbe.xml.CreateTableXmlBean;com.gbshape.dbe.struts.bean.ColumnBean
com.gbshape.dbe.xml.DBEDigester;com.gbshape.dbe.xml.DBEXmlBean
com.gbshape.dbe.xml.DBEXmlBean;com.gbshape.dbe.xml.CreateTableXmlBean
com.gbshape.dbe.xml.DigesterTest;com.gbshape.dbe.xml.DBEXmlBean
