net.sf.lavalamp.application.AlwaysOff;net.sf.lavalamp.LavaLogger
net.sf.lavalamp.application.AlwaysOff;net.sf.lavalamp.Pause
net.sf.lavalamp.application.AlwaysOff;net.sf.lavalamp.application.WebRun
net.sf.lavalamp.application.AlwaysOff;net.sf.lavalamp.device.DeviceController
net.sf.lavalamp.application.Application;net.sf.lavalamp.LavaLogger
net.sf.lavalamp.application.Application;net.sf.lavalamp.Pause
net.sf.lavalamp.application.Application;net.sf.lavalamp.application.ApplicationProperties
net.sf.lavalamp.application.Application;net.sf.lavalamp.site.Console
net.sf.lavalamp.application.ApplicationProperties;net.sf.lavalamp.device.DeviceProperties
net.sf.lavalamp.application.ApplicationPropertiesLoader;net.sf.lavalamp.application.ApplicationProperties
net.sf.lavalamp.application.BuildStatusServlet;net.sf.lavalamp.LavaLogger
net.sf.lavalamp.application.BuildStatusServlet;net.sf.lavalamp.device.DeviceController
net.sf.lavalamp.application.BuildStatusServlet;net.sf.lavalamp.device.HtmlFormatter
net.sf.lavalamp.application.BuildStatusServlet;net.sf.lavalamp.site.MissingBuildException
net.sf.lavalamp.application.DefaultApplication;net.sf.lavalamp.LavaLogger
net.sf.lavalamp.application.DefaultApplication;net.sf.lavalamp.application.Application
net.sf.lavalamp.application.DefaultApplication;net.sf.lavalamp.application.ApplicationProperties
net.sf.lavalamp.application.DefaultApplication;net.sf.lavalamp.site.Console
net.sf.lavalamp.application.UniversalRunner;net.sf.lavalamp.LavaLogger
net.sf.lavalamp.application.UniversalRunner;net.sf.lavalamp.Pause
net.sf.lavalamp.application.UniversalRunner;net.sf.lavalamp.application.Application
net.sf.lavalamp.application.UniversalRunner;net.sf.lavalamp.application.ApplicationProperties
net.sf.lavalamp.application.UniversalRunner;net.sf.lavalamp.application.ApplicationPropertiesLoader
net.sf.lavalamp.application.UniversalRunner;net.sf.lavalamp.application.WebRun
net.sf.lavalamp.application.UniversalRunner;net.sf.lavalamp.site.Console
net.sf.lavalamp.application.WebRun;net.sf.lavalamp.LavaLogger
net.sf.lavalamp.application.WebRun;net.sf.lavalamp.Pause
net.sf.lavalamp.application.WebRun;net.sf.lavalamp.application.AlwaysOff
net.sf.lavalamp.application.WebRun;net.sf.lavalamp.application.ApplicationProperties
net.sf.lavalamp.application.WebRun;net.sf.lavalamp.application.BuildStatusServlet
net.sf.lavalamp.application.WebRun;net.sf.lavalamp.application.DefaultApplication
net.sf.lavalamp.application.WebRun;net.sf.lavalamp.device.Action
net.sf.lavalamp.application.WebRun;net.sf.lavalamp.device.Actions
net.sf.lavalamp.application.WebRun;net.sf.lavalamp.device.Device
net.sf.lavalamp.application.WebRun;net.sf.lavalamp.device.DeviceController
net.sf.lavalamp.application.WebRun;net.sf.lavalamp.device.DeviceProperties
net.sf.lavalamp.application.WebRun;net.sf.lavalamp.factories.DeviceBuildsFactory
net.sf.lavalamp.application.WebRun;net.sf.lavalamp.site.Build
net.sf.lavalamp.application.WebRun;net.sf.lavalamp.site.BuildChecker
net.sf.lavalamp.application.WebRun;net.sf.lavalamp.site.Builds
net.sf.lavalamp.application.WebRun;net.sf.lavalamp.site.Console
net.sf.lavalamp.application.WebRun;net.sf.lavalamp.site.LoginFailedException
net.sf.lavalamp.application.WebRun;net.sf.lavalamp.site.UrlGetter
net.sf.lavalamp.device.AbstractDevice;net.sf.lavalamp.LavaLogger
net.sf.lavalamp.device.AbstractDevice;net.sf.lavalamp.device.Action
net.sf.lavalamp.device.AbstractDevice;net.sf.lavalamp.device.Actions
net.sf.lavalamp.device.AbstractDevice;net.sf.lavalamp.device.Blink
net.sf.lavalamp.device.AbstractDevice;net.sf.lavalamp.device.Crash
net.sf.lavalamp.device.AbstractDevice;net.sf.lavalamp.device.Device
net.sf.lavalamp.device.AbstractDevice;net.sf.lavalamp.device.DeviceProperties
net.sf.lavalamp.device.AbstractDevice;net.sf.lavalamp.device.OnError
net.sf.lavalamp.device.AbstractDevice;net.sf.lavalamp.device.Period
net.sf.lavalamp.device.AbstractDevice;net.sf.lavalamp.device.StatusQuo
net.sf.lavalamp.device.AbstractDevice;net.sf.lavalamp.device.TimeOfDay
net.sf.lavalamp.device.AbstractDevice;net.sf.lavalamp.device.TurnOff
net.sf.lavalamp.device.AbstractDevice;net.sf.lavalamp.device.TurnOn
net.sf.lavalamp.device.AbstractDevice;net.sf.lavalamp.properties.Off
net.sf.lavalamp.device.AbstractDevice;net.sf.lavalamp.site.Builds
net.sf.lavalamp.device.Action;net.sf.lavalamp.device.Device
net.sf.lavalamp.device.Actions;net.sf.lavalamp.device.Action
net.sf.lavalamp.device.Blink;net.sf.lavalamp.Pause
net.sf.lavalamp.device.Blink;net.sf.lavalamp.device.Action
net.sf.lavalamp.device.Blink;net.sf.lavalamp.device.Device
net.sf.lavalamp.device.Blink;net.sf.lavalamp.device.TurnOff
net.sf.lavalamp.device.Blink;net.sf.lavalamp.device.TurnOn
net.sf.lavalamp.device.Crash;net.sf.lavalamp.device.Action
net.sf.lavalamp.device.Crash;net.sf.lavalamp.device.Device
net.sf.lavalamp.device.Device;net.sf.lavalamp.device.Actions
net.sf.lavalamp.device.Device;net.sf.lavalamp.device.DeviceProperties
net.sf.lavalamp.device.Device;net.sf.lavalamp.device.Period
net.sf.lavalamp.device.Device;net.sf.lavalamp.site.Builds
net.sf.lavalamp.device.DeviceController;net.sf.lavalamp.LavaLogger
net.sf.lavalamp.device.DeviceController;net.sf.lavalamp.device.Action
net.sf.lavalamp.device.DeviceController;net.sf.lavalamp.device.Actions
net.sf.lavalamp.device.DeviceController;net.sf.lavalamp.device.Device
net.sf.lavalamp.device.DeviceController;net.sf.lavalamp.site.Build
net.sf.lavalamp.device.DeviceController;net.sf.lavalamp.site.Builds
net.sf.lavalamp.device.DeviceController;net.sf.lavalamp.site.MissingBuildException
net.sf.lavalamp.device.DeviceProperties;net.sf.lavalamp.device.OnError
net.sf.lavalamp.device.DeviceProperties;net.sf.lavalamp.properties.MissingPropertyException
net.sf.lavalamp.device.DeviceProperties;net.sf.lavalamp.properties.Off
net.sf.lavalamp.device.DeviceProperties;net.sf.lavalamp.site.BuildProperties
net.sf.lavalamp.device.DummyDevice;net.sf.lavalamp.device.AbstractDevice
net.sf.lavalamp.device.HtmlFormatter;net.sf.lavalamp.device.Device
net.sf.lavalamp.device.HtmlFormatter;net.sf.lavalamp.site.Build
net.sf.lavalamp.device.HtmlFormatter;net.sf.lavalamp.site.Builds
net.sf.lavalamp.device.OnError;net.sf.lavalamp.device.OnError[]
net.sf.lavalamp.device.Period;net.sf.lavalamp.LavaLogger
net.sf.lavalamp.device.Period;net.sf.lavalamp.device.TimeOfDay
net.sf.lavalamp.device.StatusQuo;net.sf.lavalamp.device.Action
net.sf.lavalamp.device.StatusQuo;net.sf.lavalamp.device.Device
net.sf.lavalamp.device.TurnOff;net.sf.lavalamp.device.Action
net.sf.lavalamp.device.TurnOff;net.sf.lavalamp.device.Device
net.sf.lavalamp.device.TurnOn;net.sf.lavalamp.device.Action
net.sf.lavalamp.device.TurnOn;net.sf.lavalamp.device.Device
net.sf.lavalamp.device.impl.TellStick;net.sf.lavalamp.LavaLogger
net.sf.lavalamp.device.impl.TellStick;net.sf.lavalamp.device.AbstractDevice
net.sf.lavalamp.device.impl.TellStick;net.sf.lavalamp.device.DeviceProperties
net.sf.lavalamp.device.impl.TellStickJni;net.sf.lavalamp.device.AbstractDevice
net.sf.lavalamp.device.impl.TellStickJni;net.sf.lavalamp.device.impl.TellStickLibrary
net.sf.lavalamp.factories.DeviceBuildsFactory;net.sf.lavalamp.device.Device
net.sf.lavalamp.factories.DeviceBuildsFactory;net.sf.lavalamp.device.DeviceProperties
net.sf.lavalamp.factories.DeviceBuildsFactory;net.sf.lavalamp.site.Build
net.sf.lavalamp.factories.DeviceBuildsFactory;net.sf.lavalamp.site.BuildProperties
net.sf.lavalamp.factories.DeviceBuildsFactory;net.sf.lavalamp.site.BuildSite
net.sf.lavalamp.factories.DeviceBuildsFactory;net.sf.lavalamp.site.Builds
net.sf.lavalamp.factories.DeviceBuildsFactory;net.sf.lavalamp.site.SiteFactory
net.sf.lavalamp.factories.DeviceBuildsFactory;net.sf.lavalamp.site.SiteProperties
net.sf.lavalamp.site.AbstractBuildSite;net.sf.lavalamp.LavaLogger
net.sf.lavalamp.site.AbstractBuildSite;net.sf.lavalamp.site.BuildSite
net.sf.lavalamp.site.AbstractBuildSite;net.sf.lavalamp.site.Getter
net.sf.lavalamp.site.AbstractBuildSite;net.sf.lavalamp.site.LoginFailedException
net.sf.lavalamp.site.AbstractBuildSite;net.sf.lavalamp.site.LoginRequiredException
net.sf.lavalamp.site.AbstractBuildSite;net.sf.lavalamp.site.SiteProperties
net.sf.lavalamp.site.AbstractGetter;net.sf.lavalamp.site.Getter
net.sf.lavalamp.site.AuthBuildSite;net.sf.lavalamp.site.AbstractBuildSite
net.sf.lavalamp.site.AuthBuildSite;net.sf.lavalamp.site.Console
net.sf.lavalamp.site.Build;net.sf.lavalamp.site.BuildSite
net.sf.lavalamp.site.BuildChecker;net.sf.lavalamp.LavaLogger
net.sf.lavalamp.site.BuildChecker;net.sf.lavalamp.site.Build
net.sf.lavalamp.site.BuildChecker;net.sf.lavalamp.site.BuildSite
net.sf.lavalamp.site.BuildChecker;net.sf.lavalamp.site.Console
net.sf.lavalamp.site.BuildChecker;net.sf.lavalamp.site.LoginFailedException
net.sf.lavalamp.site.BuildChecker;net.sf.lavalamp.site.LoginRequiredException
net.sf.lavalamp.site.BuildProperties;net.sf.lavalamp.properties.MissingPropertyException
net.sf.lavalamp.site.BuildProperties;net.sf.lavalamp.site.SiteProperties
net.sf.lavalamp.site.BuildSite;net.sf.lavalamp.site.Build
net.sf.lavalamp.site.BuildSite;net.sf.lavalamp.site.Console
net.sf.lavalamp.site.BuildSite;net.sf.lavalamp.site.Getter
net.sf.lavalamp.site.BuildSite;net.sf.lavalamp.site.LoginFailedException
net.sf.lavalamp.site.BuildSite;net.sf.lavalamp.site.LoginRequiredException
net.sf.lavalamp.site.BuildSite;net.sf.lavalamp.site.SiteProperties
net.sf.lavalamp.site.Builds;net.sf.lavalamp.LavaLogger
net.sf.lavalamp.site.Builds;net.sf.lavalamp.site.Build
net.sf.lavalamp.site.Builds;net.sf.lavalamp.site.MissingBuildException
net.sf.lavalamp.site.DummyRemoteGetter;net.sf.lavalamp.site.AbstractGetter
net.sf.lavalamp.site.DummyRemoteGetter;net.sf.lavalamp.site.LoginRequiredException
net.sf.lavalamp.site.DummyRestGetter;net.sf.lavalamp.site.AbstractGetter
net.sf.lavalamp.site.DummyRestGetter;net.sf.lavalamp.site.LoginRequiredException
net.sf.lavalamp.site.Getter;net.sf.lavalamp.site.LoginRequiredException
net.sf.lavalamp.site.SiteFactory;net.sf.lavalamp.site.BuildSite
net.sf.lavalamp.site.SiteFactory;net.sf.lavalamp.site.Getter
net.sf.lavalamp.site.SiteFactory;net.sf.lavalamp.site.SiteProperties
net.sf.lavalamp.site.UrlGetter;net.sf.lavalamp.LavaLogger
net.sf.lavalamp.site.UrlGetter;net.sf.lavalamp.site.AbstractGetter
net.sf.lavalamp.site.UrlGetter;net.sf.lavalamp.site.LoginRequiredException
net.sf.lavalamp.site.impl.Bamboo3RestApi;net.sf.lavalamp.site.Build
net.sf.lavalamp.site.impl.Bamboo3RestApi;net.sf.lavalamp.site.impl.BambooRestApi
net.sf.lavalamp.site.impl.BambooRemoteApi;net.sf.lavalamp.LavaLogger
net.sf.lavalamp.site.impl.BambooRemoteApi;net.sf.lavalamp.site.AuthBuildSite
net.sf.lavalamp.site.impl.BambooRemoteApi;net.sf.lavalamp.site.Build
net.sf.lavalamp.site.impl.BambooRemoteApi;net.sf.lavalamp.site.Getter
net.sf.lavalamp.site.impl.BambooRemoteApi;net.sf.lavalamp.site.LoginFailedException
net.sf.lavalamp.site.impl.BambooRemoteApi;net.sf.lavalamp.site.LoginRequiredException
net.sf.lavalamp.site.impl.BambooRestApi;net.sf.lavalamp.site.AuthBuildSite
net.sf.lavalamp.site.impl.BambooRestApi;net.sf.lavalamp.site.Build
net.sf.lavalamp.site.impl.BambooRestApi;net.sf.lavalamp.site.Getter
net.sf.lavalamp.site.impl.BambooRestApi;net.sf.lavalamp.site.LoginRequiredException
net.sf.lavalamp.site.impl.Hudson;net.sf.lavalamp.site.AuthBuildSite
net.sf.lavalamp.site.impl.Hudson;net.sf.lavalamp.site.Build
net.sf.lavalamp.site.impl.Hudson;net.sf.lavalamp.site.Getter
net.sf.lavalamp.site.impl.Hudson;net.sf.lavalamp.site.LoginRequiredException
