fr.pingtimeout.jtail.Application;fr.pingtimeout.jtail.gui.view.JTailMainFrame
fr.pingtimeout.jtail.configuration.ApplicationConfiguration;fr.pingtimeout.jtail.gui.action.ChooseFileAction
fr.pingtimeout.jtail.configuration.ApplicationConfiguration;fr.pingtimeout.jtail.gui.action.CloseAction
fr.pingtimeout.jtail.configuration.ApplicationConfiguration;fr.pingtimeout.jtail.gui.action.CloseAllAction
fr.pingtimeout.jtail.configuration.ApplicationConfiguration;fr.pingtimeout.jtail.gui.action.HighlightAction
fr.pingtimeout.jtail.configuration.ApplicationConfiguration;fr.pingtimeout.jtail.gui.action.IndexFileAction
fr.pingtimeout.jtail.configuration.ApplicationConfiguration;fr.pingtimeout.jtail.gui.action.MenuAction
fr.pingtimeout.jtail.configuration.ApplicationConfiguration;fr.pingtimeout.jtail.gui.action.OpenFileAction
fr.pingtimeout.jtail.configuration.ApplicationConfiguration;fr.pingtimeout.jtail.gui.action.QuitAction
fr.pingtimeout.jtail.configuration.ApplicationConfiguration;fr.pingtimeout.jtail.gui.controller.SelectIndexTypeListener
fr.pingtimeout.jtail.configuration.ApplicationConfiguration;fr.pingtimeout.jtail.gui.model.JTailMainModel
fr.pingtimeout.jtail.configuration.ApplicationConfiguration;fr.pingtimeout.jtail.gui.model.OpenFileModel
fr.pingtimeout.jtail.configuration.ApplicationConfiguration;fr.pingtimeout.jtail.gui.view.JTailMainFrame
fr.pingtimeout.jtail.configuration.ApplicationConfiguration;fr.pingtimeout.jtail.gui.view.OpenFileDialog
fr.pingtimeout.jtail.gui.action.CancelAction;fr.pingtimeout.jtail.gui.action.JTailAbstractAction
fr.pingtimeout.jtail.gui.action.ChooseFileAction;fr.pingtimeout.jtail.gui.action.JTailAbstractAction
fr.pingtimeout.jtail.gui.action.ChooseFileAction;fr.pingtimeout.jtail.gui.action.LogFileFilter
fr.pingtimeout.jtail.gui.action.ChooseFileAction;fr.pingtimeout.jtail.gui.action.OpenFileAction
fr.pingtimeout.jtail.gui.action.ChooseFileAction;fr.pingtimeout.jtail.gui.model.OpenFileModel
fr.pingtimeout.jtail.gui.action.ChooseFileAction;fr.pingtimeout.jtail.util.JTailLogger
fr.pingtimeout.jtail.gui.action.CloseAction;fr.pingtimeout.jtail.gui.action.JTailAbstractAction
fr.pingtimeout.jtail.gui.action.CloseAction;fr.pingtimeout.jtail.gui.action.OpenFileAction
fr.pingtimeout.jtail.gui.action.CloseAction;fr.pingtimeout.jtail.gui.message.InformationHandler
fr.pingtimeout.jtail.gui.action.CloseAction;fr.pingtimeout.jtail.gui.message.UIMessage
fr.pingtimeout.jtail.gui.action.CloseAction;fr.pingtimeout.jtail.gui.model.JTailMainModel
fr.pingtimeout.jtail.gui.action.CloseAction;fr.pingtimeout.jtail.gui.model.JTailModel
fr.pingtimeout.jtail.gui.action.CloseAction;fr.pingtimeout.jtail.util.JTailLogger
fr.pingtimeout.jtail.gui.action.CloseAllAction;fr.pingtimeout.jtail.gui.action.JTailAbstractAction
fr.pingtimeout.jtail.gui.action.CloseAllAction;fr.pingtimeout.jtail.gui.action.OpenFileAction
fr.pingtimeout.jtail.gui.action.CloseAllAction;fr.pingtimeout.jtail.gui.message.InformationHandler
fr.pingtimeout.jtail.gui.action.CloseAllAction;fr.pingtimeout.jtail.gui.message.UIMessage
fr.pingtimeout.jtail.gui.action.CloseAllAction;fr.pingtimeout.jtail.gui.model.JTailMainModel
fr.pingtimeout.jtail.gui.action.CloseAllAction;fr.pingtimeout.jtail.gui.model.JTailModel
fr.pingtimeout.jtail.gui.action.CloseAllAction;fr.pingtimeout.jtail.util.JTailLogger
fr.pingtimeout.jtail.gui.action.HighlightAction;fr.pingtimeout.jtail.gui.action.JTailAbstractAction
fr.pingtimeout.jtail.gui.action.HighlightAction;fr.pingtimeout.jtail.gui.action.OpenFileAction
fr.pingtimeout.jtail.gui.action.HighlightAction;fr.pingtimeout.jtail.gui.message.InformationHandler
fr.pingtimeout.jtail.gui.action.HighlightAction;fr.pingtimeout.jtail.gui.message.UIMessage
fr.pingtimeout.jtail.gui.action.HighlightAction;fr.pingtimeout.jtail.gui.model.JTailMainModel
fr.pingtimeout.jtail.gui.action.HighlightAction;fr.pingtimeout.jtail.util.JTailLogger
fr.pingtimeout.jtail.gui.action.IndexFileAction;fr.pingtimeout.jtail.gui.action.IndexFileAction$1
fr.pingtimeout.jtail.gui.action.IndexFileAction;fr.pingtimeout.jtail.gui.action.JTailAbstractAction
fr.pingtimeout.jtail.gui.action.IndexFileAction;fr.pingtimeout.jtail.gui.action.OpenFileAction
fr.pingtimeout.jtail.gui.action.IndexFileAction;fr.pingtimeout.jtail.gui.controller.FileIndexerWorker
fr.pingtimeout.jtail.gui.action.IndexFileAction;fr.pingtimeout.jtail.gui.message.ExceptionHandler
fr.pingtimeout.jtail.gui.action.IndexFileAction;fr.pingtimeout.jtail.gui.message.InformationHandler
fr.pingtimeout.jtail.gui.action.IndexFileAction;fr.pingtimeout.jtail.gui.message.UIMessage
fr.pingtimeout.jtail.gui.action.IndexFileAction;fr.pingtimeout.jtail.gui.model.JTailMainModel
fr.pingtimeout.jtail.gui.action.IndexFileAction;fr.pingtimeout.jtail.gui.model.JTailModel
fr.pingtimeout.jtail.gui.action.IndexFileAction;fr.pingtimeout.jtail.gui.model.OpenFileModel
fr.pingtimeout.jtail.gui.action.IndexFileAction;fr.pingtimeout.jtail.io.FileIndexer
fr.pingtimeout.jtail.gui.action.IndexFileAction;fr.pingtimeout.jtail.io.LineReader
fr.pingtimeout.jtail.gui.action.IndexFileAction;fr.pingtimeout.jtail.io.index.FileIndex
fr.pingtimeout.jtail.gui.action.IndexFileAction;fr.pingtimeout.jtail.io.index.FileIndex$Type
fr.pingtimeout.jtail.gui.action.IndexFileAction;fr.pingtimeout.jtail.io.index.RamFileIndex
fr.pingtimeout.jtail.gui.action.IndexFileAction;fr.pingtimeout.jtail.io.index.RomFileIndex
fr.pingtimeout.jtail.gui.action.IndexFileAction;fr.pingtimeout.jtail.util.JTailLogger
fr.pingtimeout.jtail.gui.action.IndexFileAction$1;fr.pingtimeout.jtail.io.index.FileIndex$Type
fr.pingtimeout.jtail.gui.action.JTailAbstractAction;fr.pingtimeout.jtail.util.JTailLogger
fr.pingtimeout.jtail.gui.action.MenuAction;fr.pingtimeout.jtail.gui.action.JTailAbstractAction
fr.pingtimeout.jtail.gui.action.OpenFileAction;fr.pingtimeout.jtail.gui.action.JTailAbstractAction
fr.pingtimeout.jtail.gui.action.OpenFileAction;fr.pingtimeout.jtail.gui.model.JTailMainModel
fr.pingtimeout.jtail.gui.action.OpenFileAction;fr.pingtimeout.jtail.gui.model.OpenFileModel
fr.pingtimeout.jtail.gui.action.OpenFileAction;fr.pingtimeout.jtail.gui.view.OpenFileDialog
fr.pingtimeout.jtail.gui.action.OpenFileAction;fr.pingtimeout.jtail.util.JTailLogger
fr.pingtimeout.jtail.gui.action.QuitAction;fr.pingtimeout.jtail.gui.action.JTailAbstractAction
fr.pingtimeout.jtail.gui.action.QuitAction;fr.pingtimeout.jtail.gui.action.OpenFileAction
fr.pingtimeout.jtail.gui.action.QuitAction;fr.pingtimeout.jtail.util.JTailLogger
fr.pingtimeout.jtail.gui.controller.FileIndexerWorker;fr.pingtimeout.jtail.gui.message.ExceptionHandler
fr.pingtimeout.jtail.gui.controller.FileIndexerWorker;fr.pingtimeout.jtail.gui.message.InformationHandler
fr.pingtimeout.jtail.gui.controller.FileIndexerWorker;fr.pingtimeout.jtail.gui.message.UIMessage
fr.pingtimeout.jtail.gui.controller.FileIndexerWorker;fr.pingtimeout.jtail.io.FileIndexer
fr.pingtimeout.jtail.gui.controller.FileIndexerWorker;fr.pingtimeout.jtail.util.JTailLogger
fr.pingtimeout.jtail.gui.controller.IndexationProgressMonitor;fr.pingtimeout.jtail.util.JTailLogger
fr.pingtimeout.jtail.gui.controller.JTailSizeController;fr.pingtimeout.jtail.gui.model.JTailModel
fr.pingtimeout.jtail.gui.controller.JTailSizeController;fr.pingtimeout.jtail.gui.view.JTailPanel
fr.pingtimeout.jtail.gui.controller.JTailSizeController;fr.pingtimeout.jtail.util.JTailLogger
fr.pingtimeout.jtail.gui.controller.ScrollBarAdjustmentController;fr.pingtimeout.jtail.gui.model.JTailModel
fr.pingtimeout.jtail.gui.controller.ScrollBarAdjustmentController;fr.pingtimeout.jtail.gui.view.JTailPanel
fr.pingtimeout.jtail.gui.controller.ScrollBarAdjustmentController;fr.pingtimeout.jtail.util.JTailLogger
fr.pingtimeout.jtail.gui.controller.SelectIndexTypeListener;fr.pingtimeout.jtail.gui.model.OpenFileModel
fr.pingtimeout.jtail.gui.controller.SelectIndexTypeListener;fr.pingtimeout.jtail.io.index.FileIndex$Type
fr.pingtimeout.jtail.gui.controller.SelectIndexTypeListener;fr.pingtimeout.jtail.util.JTailLogger
fr.pingtimeout.jtail.gui.controller.UpdateIndexFileWatcher;fr.pingtimeout.jtail.io.AbstractFileWatcher
fr.pingtimeout.jtail.gui.controller.UpdateIndexFileWatcher;fr.pingtimeout.jtail.io.FileIndexer
fr.pingtimeout.jtail.gui.controller.UpdateIndexFileWatcher;fr.pingtimeout.jtail.io.index.FileIndex
fr.pingtimeout.jtail.gui.message.ExceptionHandler;fr.pingtimeout.jtail.gui.message.MessageHandler
fr.pingtimeout.jtail.gui.message.ExceptionHandler;fr.pingtimeout.jtail.gui.message.UIMessage
fr.pingtimeout.jtail.gui.message.InformationHandler;fr.pingtimeout.jtail.gui.message.MessageHandler
fr.pingtimeout.jtail.gui.message.InformationHandler;fr.pingtimeout.jtail.gui.message.UIMessage
fr.pingtimeout.jtail.gui.message.UIMessage;fr.pingtimeout.jtail.gui.message.UIMessage[]
fr.pingtimeout.jtail.gui.model.JTailMainModel;fr.pingtimeout.jtail.gui.model.JTailMainModelEvent
fr.pingtimeout.jtail.gui.model.JTailMainModel;fr.pingtimeout.jtail.gui.model.JTailMainModelEvent$Type
fr.pingtimeout.jtail.gui.model.JTailMainModel;fr.pingtimeout.jtail.gui.model.JTailModel
fr.pingtimeout.jtail.gui.model.JTailMainModel;fr.pingtimeout.jtail.util.JTailLogger
fr.pingtimeout.jtail.gui.model.JTailMainModelEvent;fr.pingtimeout.jtail.gui.model.JTailMainModelEvent$Type
fr.pingtimeout.jtail.gui.model.JTailMainModelEvent;fr.pingtimeout.jtail.gui.model.JTailModel
fr.pingtimeout.jtail.gui.model.JTailMainModelEvent$Type;fr.pingtimeout.jtail.gui.model.JTailMainModelEvent$Type[]
fr.pingtimeout.jtail.gui.model.JTailModel;fr.pingtimeout.jtail.gui.message.ExceptionHandler
fr.pingtimeout.jtail.gui.model.JTailModel;fr.pingtimeout.jtail.gui.message.UIMessage
fr.pingtimeout.jtail.gui.model.JTailModel;fr.pingtimeout.jtail.gui.model.JTailModelEvent
fr.pingtimeout.jtail.gui.model.JTailModel;fr.pingtimeout.jtail.gui.model.JTailModelEvent$Type
fr.pingtimeout.jtail.gui.model.JTailModel;fr.pingtimeout.jtail.io.LineReader
fr.pingtimeout.jtail.gui.model.JTailModel;fr.pingtimeout.jtail.util.JTailLogger
fr.pingtimeout.jtail.gui.model.JTailModelEvent;fr.pingtimeout.jtail.gui.model.JTailModelEvent$Type
fr.pingtimeout.jtail.gui.model.JTailModelEvent$Type;fr.pingtimeout.jtail.gui.model.JTailModelEvent$Type[]
fr.pingtimeout.jtail.gui.model.OpenFileModel;fr.pingtimeout.jtail.gui.model.OpenFileModelEvent
fr.pingtimeout.jtail.gui.model.OpenFileModel;fr.pingtimeout.jtail.gui.model.OpenFileModelEvent$Type
fr.pingtimeout.jtail.gui.model.OpenFileModel;fr.pingtimeout.jtail.io.index.FileIndex$Type
fr.pingtimeout.jtail.gui.model.OpenFileModel;fr.pingtimeout.jtail.util.JTailLogger
fr.pingtimeout.jtail.gui.model.OpenFileModelEvent;fr.pingtimeout.jtail.gui.model.OpenFileModelEvent$Type
fr.pingtimeout.jtail.gui.model.OpenFileModelEvent;fr.pingtimeout.jtail.io.index.FileIndex$Type
fr.pingtimeout.jtail.gui.model.OpenFileModelEvent$Type;fr.pingtimeout.jtail.gui.model.OpenFileModelEvent$Type[]
fr.pingtimeout.jtail.gui.view.HighlightDialog;fr.pingtimeout.jtail.gui.view.JTailMainFrame
fr.pingtimeout.jtail.gui.view.JTailMainFrame;fr.pingtimeout.jtail.gui.action.CloseAction
fr.pingtimeout.jtail.gui.view.JTailMainFrame;fr.pingtimeout.jtail.gui.action.CloseAllAction
fr.pingtimeout.jtail.gui.view.JTailMainFrame;fr.pingtimeout.jtail.gui.action.HighlightAction
fr.pingtimeout.jtail.gui.view.JTailMainFrame;fr.pingtimeout.jtail.gui.action.MenuAction
fr.pingtimeout.jtail.gui.view.JTailMainFrame;fr.pingtimeout.jtail.gui.action.OpenFileAction
fr.pingtimeout.jtail.gui.view.JTailMainFrame;fr.pingtimeout.jtail.gui.action.QuitAction
fr.pingtimeout.jtail.gui.view.JTailMainFrame;fr.pingtimeout.jtail.gui.model.JTailMainModel
fr.pingtimeout.jtail.gui.view.JTailMainFrame;fr.pingtimeout.jtail.gui.model.JTailMainModelEvent
fr.pingtimeout.jtail.gui.view.JTailMainFrame;fr.pingtimeout.jtail.gui.model.JTailMainModelEvent$Type
fr.pingtimeout.jtail.gui.view.JTailMainFrame;fr.pingtimeout.jtail.gui.model.JTailModel
fr.pingtimeout.jtail.gui.view.JTailMainFrame;fr.pingtimeout.jtail.gui.view.JTailMainFrame$1
fr.pingtimeout.jtail.gui.view.JTailMainFrame;fr.pingtimeout.jtail.gui.view.JTailPanel
fr.pingtimeout.jtail.gui.view.JTailMainFrame;fr.pingtimeout.jtail.util.JTailLogger
fr.pingtimeout.jtail.gui.view.JTailMainFrame$1;fr.pingtimeout.jtail.gui.model.JTailMainModelEvent$Type
fr.pingtimeout.jtail.gui.view.JTailPanel;fr.pingtimeout.jtail.gui.controller.JTailSizeController
fr.pingtimeout.jtail.gui.view.JTailPanel;fr.pingtimeout.jtail.gui.controller.ScrollBarAdjustmentController
fr.pingtimeout.jtail.gui.view.JTailPanel;fr.pingtimeout.jtail.gui.model.JTailModel
fr.pingtimeout.jtail.gui.view.JTailPanel;fr.pingtimeout.jtail.gui.model.JTailModelEvent
fr.pingtimeout.jtail.gui.view.JTailPanel;fr.pingtimeout.jtail.gui.model.JTailModelEvent$Type
fr.pingtimeout.jtail.gui.view.JTailPanel;fr.pingtimeout.jtail.gui.view.JTailPanel$1
fr.pingtimeout.jtail.gui.view.JTailPanel;fr.pingtimeout.jtail.util.JTailLogger
fr.pingtimeout.jtail.gui.view.JTailPanel$1;fr.pingtimeout.jtail.gui.view.JTailPanel
fr.pingtimeout.jtail.gui.view.OpenFileDialog;fr.pingtimeout.jtail.gui.action.ChooseFileAction
fr.pingtimeout.jtail.gui.view.OpenFileDialog;fr.pingtimeout.jtail.gui.action.IndexFileAction
fr.pingtimeout.jtail.gui.view.OpenFileDialog;fr.pingtimeout.jtail.gui.controller.SelectIndexTypeListener
fr.pingtimeout.jtail.gui.view.OpenFileDialog;fr.pingtimeout.jtail.gui.model.OpenFileModel
fr.pingtimeout.jtail.gui.view.OpenFileDialog;fr.pingtimeout.jtail.gui.model.OpenFileModelEvent
fr.pingtimeout.jtail.gui.view.OpenFileDialog;fr.pingtimeout.jtail.gui.model.OpenFileModelEvent$Type
fr.pingtimeout.jtail.gui.view.OpenFileDialog;fr.pingtimeout.jtail.gui.view.OpenFileDialog$1
fr.pingtimeout.jtail.gui.view.OpenFileDialog;fr.pingtimeout.jtail.gui.view.OpenFileDialog$2
fr.pingtimeout.jtail.gui.view.OpenFileDialog;fr.pingtimeout.jtail.io.index.FileIndex$Type
fr.pingtimeout.jtail.gui.view.OpenFileDialog$1;fr.pingtimeout.jtail.gui.action.CancelAction
fr.pingtimeout.jtail.gui.view.OpenFileDialog$1;fr.pingtimeout.jtail.gui.view.OpenFileDialog
fr.pingtimeout.jtail.gui.view.OpenFileDialog$2;fr.pingtimeout.jtail.gui.model.OpenFileModelEvent$Type
fr.pingtimeout.jtail.io.FileIndexer;fr.pingtimeout.jtail.io.index.FileIndex
fr.pingtimeout.jtail.io.FileIndexer;fr.pingtimeout.jtail.io.index.ImmutableFileIndex
fr.pingtimeout.jtail.io.FileIndexer;fr.pingtimeout.jtail.io.index.RamFileIndex
fr.pingtimeout.jtail.io.FileIndexer;fr.pingtimeout.jtail.io.index.RomFileIndex
fr.pingtimeout.jtail.io.FileIndexer;fr.pingtimeout.jtail.util.JTailLogger
fr.pingtimeout.jtail.io.LineReader;fr.pingtimeout.jtail.io.index.FileIndex
fr.pingtimeout.jtail.io.LineReader;fr.pingtimeout.jtail.util.JTailLogger
fr.pingtimeout.jtail.io.index.FileIndex;fr.pingtimeout.jtail.io.index.FileIndex$Type
fr.pingtimeout.jtail.io.index.FileIndex$Type;fr.pingtimeout.jtail.io.index.FileIndex$Type[]
fr.pingtimeout.jtail.io.index.ImmutableFileIndex;fr.pingtimeout.jtail.io.index.FileIndex
fr.pingtimeout.jtail.io.index.ImmutableFileIndex;fr.pingtimeout.jtail.io.index.FileIndex$Type
fr.pingtimeout.jtail.io.index.RamFileIndex;fr.pingtimeout.jtail.io.index.FileIndex
fr.pingtimeout.jtail.io.index.RamFileIndex;fr.pingtimeout.jtail.io.index.FileIndex$Type
fr.pingtimeout.jtail.io.index.RomFileIndex;fr.pingtimeout.jtail.io.index.FileIndex
fr.pingtimeout.jtail.io.index.RomFileIndex;fr.pingtimeout.jtail.io.index.FileIndex$Type
fr.pingtimeout.jtail.io.index.RomFileIndex;fr.pingtimeout.jtail.util.JTailLogger
fr.pingtimeout.jtail.util.JTailConstants;fr.pingtimeout.jtail.util.JTailLogger$LoggerLevel
fr.pingtimeout.jtail.util.JTailLogger;fr.pingtimeout.jtail.util.JTailConstants
fr.pingtimeout.jtail.util.JTailLogger;fr.pingtimeout.jtail.util.JTailLogger$LoggerLevel
fr.pingtimeout.jtail.util.JTailLogger$LoggerLevel;fr.pingtimeout.jtail.util.JTailLogger$LoggerLevel[]
