com.gotoservers.ftp.FtpApplet;com.gotoservers.ftp.LoginParam
com.gotoservers.ftp.FtpApplet;mindbright.ssh.SSHPropertyHandler
com.gotoservers.ftp.FtpApplet;mindbright.ssh.SSHSCPPanel
com.gotoservers.ftp.LoginParam;com.gotoservers.ftp.FtpApplet
com.gotoservers.ftp.LoginParam;mindbright.ssh.SSHPropertyHandler
com.gotoservers.ftp.RemoteFileBrowser;com.isnetworks.ssh.AbstractFileBrowser
com.gotoservers.ftp.RemoteFileBrowser;com.isnetworks.ssh.FileDisplay
com.gotoservers.ftp.RemoteFileBrowser;com.isnetworks.ssh.FileListItem
com.gotoservers.ftp.RemoteFileBrowser;com.isnetworks.ssh.SSHException
com.gotoservers.ftp.RemoteFileBrowser;mindbright.ssh.SSHMiscDialogs
com.gotoservers.ftp.RemoteFileBrowser;mindbright.ssh.SSHPropertyHandler
com.gotoservers.ftp.RemoteFileBrowser;mindbright.ssh.SSHSCPIndicator
com.gotoservers.ftp.RemoteFileBrowser;mindbright.ssh.SSHSCPPanel
com.isnetworks.ssh.AbstractFileBrowser;com.isnetworks.ssh.FileBrowser
com.isnetworks.ssh.AbstractFileBrowser;com.isnetworks.ssh.FileDisplay
com.isnetworks.ssh.AbstractFileBrowser;mindbright.ssh.SSHPropertyHandler
com.isnetworks.ssh.AbstractFileBrowser;mindbright.ssh.SSHSCPIndicator
com.isnetworks.ssh.FileBrowser;com.isnetworks.ssh.FileListItem
com.isnetworks.ssh.FileBrowser;com.isnetworks.ssh.SSHException
com.isnetworks.ssh.FileDisplay;com.isnetworks.ssh.FileBrowser
com.isnetworks.ssh.FileDisplay;com.isnetworks.ssh.FileDisplay$1
com.isnetworks.ssh.FileDisplay;com.isnetworks.ssh.FileDisplay$2
com.isnetworks.ssh.FileDisplay;com.isnetworks.ssh.FileDisplay$3
com.isnetworks.ssh.FileDisplay;com.isnetworks.ssh.FileDisplay$4
com.isnetworks.ssh.FileDisplay;com.isnetworks.ssh.FileDisplay$5
com.isnetworks.ssh.FileDisplay;com.isnetworks.ssh.FileDisplay$6
com.isnetworks.ssh.FileDisplay;com.isnetworks.ssh.FileDisplay$7
com.isnetworks.ssh.FileDisplay;com.isnetworks.ssh.FileList
com.isnetworks.ssh.FileDisplay;com.isnetworks.ssh.FileListItem
com.isnetworks.ssh.FileDisplay;mindbright.ssh.SSHSCPPanel
com.isnetworks.ssh.FileDisplay$1;com.isnetworks.ssh.FileBrowser
com.isnetworks.ssh.FileDisplay$1;com.isnetworks.ssh.FileDisplay
com.isnetworks.ssh.FileDisplay$1;com.isnetworks.ssh.SSHException
com.isnetworks.ssh.FileDisplay$1;mindbright.ssh.SSHSCPPanel
com.isnetworks.ssh.FileDisplay$2;com.isnetworks.ssh.FileBrowser
com.isnetworks.ssh.FileDisplay$2;com.isnetworks.ssh.FileDisplay
com.isnetworks.ssh.FileDisplay$2;com.isnetworks.ssh.SSHException
com.isnetworks.ssh.FileDisplay$2;mindbright.ssh.SSHMiscDialogs
com.isnetworks.ssh.FileDisplay$2;mindbright.ssh.SSHSCPPanel
com.isnetworks.ssh.FileDisplay$3;com.isnetworks.ssh.FileBrowser
com.isnetworks.ssh.FileDisplay$3;com.isnetworks.ssh.FileDisplay
com.isnetworks.ssh.FileDisplay$3;com.isnetworks.ssh.FileList
com.isnetworks.ssh.FileDisplay$3;com.isnetworks.ssh.FileListItem
com.isnetworks.ssh.FileDisplay$3;com.isnetworks.ssh.SSHException
com.isnetworks.ssh.FileDisplay$3;mindbright.ssh.SSHMiscDialogs
com.isnetworks.ssh.FileDisplay$3;mindbright.ssh.SSHSCPPanel
com.isnetworks.ssh.FileDisplay$4;com.isnetworks.ssh.FileBrowser
com.isnetworks.ssh.FileDisplay$4;com.isnetworks.ssh.FileDisplay
com.isnetworks.ssh.FileDisplay$4;com.isnetworks.ssh.FileList
com.isnetworks.ssh.FileDisplay$4;com.isnetworks.ssh.FileListItem
com.isnetworks.ssh.FileDisplay$4;com.isnetworks.ssh.SSHException
com.isnetworks.ssh.FileDisplay$4;mindbright.ssh.SSHSCPPanel
com.isnetworks.ssh.FileDisplay$5;com.isnetworks.ssh.FileBrowser
com.isnetworks.ssh.FileDisplay$5;com.isnetworks.ssh.FileDisplay
com.isnetworks.ssh.FileDisplay$5;com.isnetworks.ssh.SSHException
com.isnetworks.ssh.FileDisplay$5;mindbright.ssh.SSHSCPPanel
com.isnetworks.ssh.FileDisplay$6;com.isnetworks.ssh.FileBrowser
com.isnetworks.ssh.FileDisplay$6;com.isnetworks.ssh.FileDisplay
com.isnetworks.ssh.FileDisplay$6;com.isnetworks.ssh.FileList
com.isnetworks.ssh.FileDisplay$6;com.isnetworks.ssh.FileListItem
com.isnetworks.ssh.FileDisplay$6;com.isnetworks.ssh.SSHException
com.isnetworks.ssh.FileDisplay$6;mindbright.ssh.SSHSCPPanel
com.isnetworks.ssh.FileDisplay$7;com.isnetworks.ssh.FileDisplay
com.isnetworks.ssh.FileList;com.isnetworks.ssh.FileListItem
com.isnetworks.ssh.LocalFileBrowser;com.isnetworks.ssh.AbstractFileBrowser
com.isnetworks.ssh.LocalFileBrowser;com.isnetworks.ssh.FileDisplay
com.isnetworks.ssh.LocalFileBrowser;com.isnetworks.ssh.FileListItem
com.isnetworks.ssh.LocalFileBrowser;com.isnetworks.ssh.SSHException
com.isnetworks.ssh.LocalFileBrowser;mindbright.ssh.SSHMiscDialogs
com.isnetworks.ssh.LocalFileBrowser;mindbright.ssh.SSHPropertyHandler
com.isnetworks.ssh.LocalFileBrowser;mindbright.ssh.SSHSCPIndicator
mindbright.ssh.SSHMiscDialogs;mindbright.ssh.SSHMiscDialogs$1
mindbright.ssh.SSHMiscDialogs;mindbright.ssh.SSHMiscDialogs$2
mindbright.ssh.SSHMiscDialogs;mindbright.ssh.SSHMiscDialogs$3
mindbright.ssh.SSHMiscDialogs;mindbright.util.AWTConvenience
mindbright.ssh.SSHMiscDialogs;mindbright.util.AWTConvenience$CloseAction
mindbright.ssh.SSHMiscDialogs;mindbright.util.AWTConvenience$CloseAdapter
mindbright.ssh.SSHMiscDialogs;mindbright.util.AWTConvenience$OKCancelAdapter
mindbright.ssh.SSHMiscDialogs$1;mindbright.ssh.SSHMiscDialogs
mindbright.ssh.SSHMiscDialogs$2;mindbright.ssh.SSHMiscDialogs
mindbright.ssh.SSHMiscDialogs$3;mindbright.ssh.SSHMiscDialogs
mindbright.ssh.SSHSCPGUIThread;com.gotoservers.ftp.RemoteFileBrowser
mindbright.ssh.SSHSCPGUIThread;com.isnetworks.ssh.FileDisplay
mindbright.ssh.SSHSCPGUIThread;mindbright.gui.ProgressBar
mindbright.ssh.SSHSCPGUIThread;mindbright.ssh.SSHSCPGUIThread$1
mindbright.ssh.SSHSCPGUIThread;mindbright.ssh.SSHSCPGUIThread$2
mindbright.ssh.SSHSCPGUIThread;mindbright.ssh.SSHSCPIndicator
mindbright.ssh.SSHSCPGUIThread;mindbright.ssh.SSHSCPPanel
mindbright.ssh.SSHSCPGUIThread;mindbright.util.AWTConvenience
mindbright.ssh.SSHSCPGUIThread$1;com.gotoservers.ftp.RemoteFileBrowser
mindbright.ssh.SSHSCPGUIThread$1;mindbright.ssh.SSHSCPGUIThread
mindbright.ssh.SSHSCPGUIThread$2;com.gotoservers.ftp.RemoteFileBrowser
mindbright.ssh.SSHSCPGUIThread$2;com.isnetworks.ssh.FileDisplay
mindbright.ssh.SSHSCPGUIThread$2;mindbright.ssh.SSHSCPGUIThread
mindbright.ssh.SSHSCPGUIThread$2;mindbright.ssh.SSHSCPIndicator
mindbright.ssh.SSHSCPGUIThread$2;mindbright.ssh.SSHSCPPanel
mindbright.ssh.SSHSCPGUIThread$2;mindbright.util.AWTConvenience
mindbright.ssh.SSHSCPGUIThread$2;mindbright.util.AWTConvenience$OKCancelAdapter
mindbright.ssh.SSHSCPPanel;com.gotoservers.ftp.RemoteFileBrowser
mindbright.ssh.SSHSCPPanel;com.isnetworks.ssh.FileDisplay
mindbright.ssh.SSHSCPPanel;com.isnetworks.ssh.LocalFileBrowser
mindbright.ssh.SSHSCPPanel;com.isnetworks.ssh.SSHException
mindbright.ssh.SSHSCPPanel;mindbright.ssh.SSHPropertyHandler
mindbright.ssh.SSHSCPPanel;mindbright.ssh.SSHSCPPanel$1
mindbright.ssh.SSHSCPPanel;mindbright.ssh.SSHSCPPanel$2
mindbright.ssh.SSHSCPPanel$1;com.gotoservers.ftp.RemoteFileBrowser
mindbright.ssh.SSHSCPPanel$1;com.isnetworks.ssh.FileDisplay
mindbright.ssh.SSHSCPPanel$1;mindbright.ssh.SSHSCPGUIThread
mindbright.ssh.SSHSCPPanel$1;mindbright.ssh.SSHSCPPanel
mindbright.ssh.SSHSCPPanel$2;com.gotoservers.ftp.RemoteFileBrowser
mindbright.ssh.SSHSCPPanel$2;com.isnetworks.ssh.FileDisplay
mindbright.ssh.SSHSCPPanel$2;mindbright.ssh.SSHSCPGUIThread
mindbright.ssh.SSHSCPPanel$2;mindbright.ssh.SSHSCPPanel
