umd.cs.shop.JSAllReduction;umd.cs.shop.JSMethod
umd.cs.shop.JSAllReduction;umd.cs.shop.JSTasks
umd.cs.shop.JSAllReduction;umd.cs.shop.JSUtil
umd.cs.shop.JSAxiom;umd.cs.shop.JSListConjuncts
umd.cs.shop.JSAxiom;umd.cs.shop.JSListLogicalAtoms
umd.cs.shop.JSAxiom;umd.cs.shop.JSPredicateForm
umd.cs.shop.JSAxiom;umd.cs.shop.JSUtil
umd.cs.shop.JSEvaluate;umd.cs.shop.JSTerm
umd.cs.shop.JSEvaluate;umd.cs.shop.JSUtil
umd.cs.shop.JSJshop;umd.cs.shop.JSJshopNode
umd.cs.shop.JSJshop;umd.cs.shop.JSJshopVars
umd.cs.shop.JSJshop;umd.cs.shop.JSListLogicalAtoms
umd.cs.shop.JSJshop;umd.cs.shop.JSListPairPlanTStateNodes
umd.cs.shop.JSJshop;umd.cs.shop.JSListPlanningProblem
umd.cs.shop.JSJshop;umd.cs.shop.JSPairPlanTSListNodes
umd.cs.shop.JSJshop;umd.cs.shop.JSPairPlanTState
umd.cs.shop.JSJshop;umd.cs.shop.JSParserError
umd.cs.shop.JSJshop;umd.cs.shop.JSPlan
umd.cs.shop.JSJshop;umd.cs.shop.JSPlanningDomain
umd.cs.shop.JSJshop;umd.cs.shop.JSPlanningProblem
umd.cs.shop.JSJshop;umd.cs.shop.JSTState
umd.cs.shop.JSJshop;umd.cs.shop.JSTaskAtom
umd.cs.shop.JSJshop;umd.cs.shop.JSUtil
umd.cs.shop.JSJshopNode;umd.cs.shop.JSTaskAtom
umd.cs.shop.JSJshopNode;umd.cs.shop.JSTasks
umd.cs.shop.JSJshopNode;umd.cs.shop.JSUtil
umd.cs.shop.JSListAxioms;umd.cs.shop.JSAxiom
umd.cs.shop.JSListAxioms;umd.cs.shop.JSJshopVars
umd.cs.shop.JSListAxioms;umd.cs.shop.JSListConjuncts
umd.cs.shop.JSListAxioms;umd.cs.shop.JSListLogicalAtoms
umd.cs.shop.JSListAxioms;umd.cs.shop.JSListSubstitution
umd.cs.shop.JSListAxioms;umd.cs.shop.JSPredicateForm
umd.cs.shop.JSListAxioms;umd.cs.shop.JSState
umd.cs.shop.JSListAxioms;umd.cs.shop.JSSubstitution
umd.cs.shop.JSListAxioms;umd.cs.shop.JSTerm
umd.cs.shop.JSListAxioms;umd.cs.shop.JSUtil
umd.cs.shop.JSListConjuncts;umd.cs.shop.JSJshopVars
umd.cs.shop.JSListConjuncts;umd.cs.shop.JSListLogicalAtoms
umd.cs.shop.JSListConjuncts;umd.cs.shop.JSParserError
umd.cs.shop.JSListConjuncts;umd.cs.shop.JSUtil
umd.cs.shop.JSListIfThenElse;umd.cs.shop.JSJshopVars
umd.cs.shop.JSListIfThenElse;umd.cs.shop.JSListAxioms
umd.cs.shop.JSListIfThenElse;umd.cs.shop.JSListLogicalAtoms
umd.cs.shop.JSListIfThenElse;umd.cs.shop.JSListSubstitution
umd.cs.shop.JSListIfThenElse;umd.cs.shop.JSPairIfThen
umd.cs.shop.JSListIfThenElse;umd.cs.shop.JSParserError
umd.cs.shop.JSListIfThenElse;umd.cs.shop.JSState
umd.cs.shop.JSListIfThenElse;umd.cs.shop.JSSubstitution
umd.cs.shop.JSListIfThenElse;umd.cs.shop.JSTasks
umd.cs.shop.JSListIfThenElse;umd.cs.shop.JSUtil
umd.cs.shop.JSListLogicalAtoms;umd.cs.shop.JSJshopVars
umd.cs.shop.JSListLogicalAtoms;umd.cs.shop.JSParserError
umd.cs.shop.JSListLogicalAtoms;umd.cs.shop.JSPredicateForm
umd.cs.shop.JSListLogicalAtoms;umd.cs.shop.JSSubstitution
umd.cs.shop.JSListLogicalAtoms;umd.cs.shop.JSTerm
umd.cs.shop.JSListLogicalAtoms;umd.cs.shop.JSUtil
umd.cs.shop.JSListMethods;umd.cs.shop.JSAllReduction
umd.cs.shop.JSListMethods;umd.cs.shop.JSJshopVars
umd.cs.shop.JSListMethods;umd.cs.shop.JSListAxioms
umd.cs.shop.JSListMethods;umd.cs.shop.JSListIfThenElse
umd.cs.shop.JSListMethods;umd.cs.shop.JSMethod
umd.cs.shop.JSListMethods;umd.cs.shop.JSPredicateForm
umd.cs.shop.JSListMethods;umd.cs.shop.JSReduction
umd.cs.shop.JSListMethods;umd.cs.shop.JSState
umd.cs.shop.JSListMethods;umd.cs.shop.JSSubstitution
umd.cs.shop.JSListMethods;umd.cs.shop.JSTaskAtom
umd.cs.shop.JSListMethods;umd.cs.shop.JSTasks
umd.cs.shop.JSListOperators;umd.cs.shop.JSOperator
umd.cs.shop.JSListPairPlanTStateNodes;umd.cs.shop.JSPairPlanTSListNodes
umd.cs.shop.JSListPlanningProblem;umd.cs.shop.JSPlanningProblem
umd.cs.shop.JSListSubstitution;umd.cs.shop.JSSubstitution
umd.cs.shop.JSListSubstitution;umd.cs.shop.JSUtil
umd.cs.shop.JSMethod;umd.cs.shop.JSListIfThenElse
umd.cs.shop.JSMethod;umd.cs.shop.JSPairIfThen
umd.cs.shop.JSMethod;umd.cs.shop.JSTaskAtom
umd.cs.shop.JSMethod;umd.cs.shop.JSUtil
umd.cs.shop.JSOperator;umd.cs.shop.JSListLogicalAtoms
umd.cs.shop.JSOperator;umd.cs.shop.JSParserError
umd.cs.shop.JSOperator;umd.cs.shop.JSTaskAtom
umd.cs.shop.JSOperator;umd.cs.shop.JSUtil
umd.cs.shop.JSPairIfThen;umd.cs.shop.JSListLogicalAtoms
umd.cs.shop.JSPairIfThen;umd.cs.shop.JSTasks
umd.cs.shop.JSPairIfThen;umd.cs.shop.JSUtil
umd.cs.shop.JSPairPlanTSListNodes;umd.cs.shop.JSJshopNode
umd.cs.shop.JSPairPlanTSListNodes;umd.cs.shop.JSPairPlanTState
umd.cs.shop.JSPairPlanTSListNodes;umd.cs.shop.JSUtil
umd.cs.shop.JSPairPlanTState;umd.cs.shop.JSPlan
umd.cs.shop.JSPairPlanTState;umd.cs.shop.JSTState
umd.cs.shop.JSPairPlanTState;umd.cs.shop.JSUtil
umd.cs.shop.JSPairVarTerm;umd.cs.shop.JSTerm
umd.cs.shop.JSPairVarTerm;umd.cs.shop.JSUtil
umd.cs.shop.JSPlan;umd.cs.shop.JSTaskAtom
umd.cs.shop.JSPlan;umd.cs.shop.JSTasks
umd.cs.shop.JSPlan;umd.cs.shop.JSUtil
umd.cs.shop.JSPlanningDomain;umd.cs.shop.JSAxiom
umd.cs.shop.JSPlanningDomain;umd.cs.shop.JSJshopVars
umd.cs.shop.JSPlanningDomain;umd.cs.shop.JSListAxioms
umd.cs.shop.JSPlanningDomain;umd.cs.shop.JSListLogicalAtoms
umd.cs.shop.JSPlanningDomain;umd.cs.shop.JSListMethods
umd.cs.shop.JSPlanningDomain;umd.cs.shop.JSListOperators
umd.cs.shop.JSPlanningDomain;umd.cs.shop.JSListPairPlanTStateNodes
umd.cs.shop.JSPlanningDomain;umd.cs.shop.JSMethod
umd.cs.shop.JSPlanningDomain;umd.cs.shop.JSOperator
umd.cs.shop.JSPlanningDomain;umd.cs.shop.JSPairPlanTSListNodes
umd.cs.shop.JSPlanningDomain;umd.cs.shop.JSPairPlanTState
umd.cs.shop.JSPlanningDomain;umd.cs.shop.JSParserError
umd.cs.shop.JSPlanningDomain;umd.cs.shop.JSPlan
umd.cs.shop.JSPlanningDomain;umd.cs.shop.JSPlanningProblem
umd.cs.shop.JSPlanningDomain;umd.cs.shop.JSState
umd.cs.shop.JSPlanningDomain;umd.cs.shop.JSTState
umd.cs.shop.JSPlanningDomain;umd.cs.shop.JSTasks
umd.cs.shop.JSPlanningDomain;umd.cs.shop.JSUtil
umd.cs.shop.JSPlanningProblem;umd.cs.shop.JSJshopVars
umd.cs.shop.JSPlanningProblem;umd.cs.shop.JSParserError
umd.cs.shop.JSPlanningProblem;umd.cs.shop.JSState
umd.cs.shop.JSPlanningProblem;umd.cs.shop.JSTaskAtom
umd.cs.shop.JSPlanningProblem;umd.cs.shop.JSTasks
umd.cs.shop.JSPlanningProblem;umd.cs.shop.JSUtil
umd.cs.shop.JSPredicateForm;umd.cs.shop.JSJshopVars
umd.cs.shop.JSPredicateForm;umd.cs.shop.JSParserError
umd.cs.shop.JSPredicateForm;umd.cs.shop.JSSubstitution
umd.cs.shop.JSPredicateForm;umd.cs.shop.JSTerm
umd.cs.shop.JSPredicateForm;umd.cs.shop.JSUtil
umd.cs.shop.JSReduction;umd.cs.shop.JSMethod
umd.cs.shop.JSReduction;umd.cs.shop.JSTasks
umd.cs.shop.JSState;umd.cs.shop.JSJshopVars
umd.cs.shop.JSState;umd.cs.shop.JSListAxioms
umd.cs.shop.JSState;umd.cs.shop.JSListLogicalAtoms
umd.cs.shop.JSState;umd.cs.shop.JSListSubstitution
umd.cs.shop.JSState;umd.cs.shop.JSOperator
umd.cs.shop.JSState;umd.cs.shop.JSPlan
umd.cs.shop.JSState;umd.cs.shop.JSPredicateForm
umd.cs.shop.JSState;umd.cs.shop.JSSubstitution
umd.cs.shop.JSState;umd.cs.shop.JSTState
umd.cs.shop.JSState;umd.cs.shop.JSTaskAtom
umd.cs.shop.JSState;umd.cs.shop.JSUtil
umd.cs.shop.JSSubstitution;umd.cs.shop.JSPairVarTerm
umd.cs.shop.JSSubstitution;umd.cs.shop.JSTerm
umd.cs.shop.JSSubstitution;umd.cs.shop.JSUtil
umd.cs.shop.JSTState;umd.cs.shop.JSListLogicalAtoms
umd.cs.shop.JSTState;umd.cs.shop.JSState
umd.cs.shop.JSTState;umd.cs.shop.JSUtil
umd.cs.shop.JSTaskAtom;umd.cs.shop.JSJshopNode
umd.cs.shop.JSTaskAtom;umd.cs.shop.JSJshopVars
umd.cs.shop.JSTaskAtom;umd.cs.shop.JSListAxioms
umd.cs.shop.JSTaskAtom;umd.cs.shop.JSListLogicalAtoms
umd.cs.shop.JSTaskAtom;umd.cs.shop.JSListMethods
umd.cs.shop.JSTaskAtom;umd.cs.shop.JSListOperators
umd.cs.shop.JSTaskAtom;umd.cs.shop.JSListSubstitution
umd.cs.shop.JSTaskAtom;umd.cs.shop.JSOperator
umd.cs.shop.JSTaskAtom;umd.cs.shop.JSPairPlanTState
umd.cs.shop.JSTaskAtom;umd.cs.shop.JSPlan
umd.cs.shop.JSTaskAtom;umd.cs.shop.JSPlanningDomain
umd.cs.shop.JSTaskAtom;umd.cs.shop.JSPredicateForm
umd.cs.shop.JSTaskAtom;umd.cs.shop.JSReduction
umd.cs.shop.JSTaskAtom;umd.cs.shop.JSState
umd.cs.shop.JSTaskAtom;umd.cs.shop.JSSubstitution
umd.cs.shop.JSTaskAtom;umd.cs.shop.JSTState
umd.cs.shop.JSTaskAtom;umd.cs.shop.JSTerm
umd.cs.shop.JSTasks;umd.cs.shop.JSAllReduction
umd.cs.shop.JSTasks;umd.cs.shop.JSJshopNode
umd.cs.shop.JSTasks;umd.cs.shop.JSJshopVars
umd.cs.shop.JSTasks;umd.cs.shop.JSListAxioms
umd.cs.shop.JSTasks;umd.cs.shop.JSListLogicalAtoms
umd.cs.shop.JSTasks;umd.cs.shop.JSListMethods
umd.cs.shop.JSTasks;umd.cs.shop.JSListPairPlanTStateNodes
umd.cs.shop.JSTasks;umd.cs.shop.JSMethod
umd.cs.shop.JSTasks;umd.cs.shop.JSPairPlanTSListNodes
umd.cs.shop.JSTasks;umd.cs.shop.JSPairPlanTState
umd.cs.shop.JSTasks;umd.cs.shop.JSParserError
umd.cs.shop.JSTasks;umd.cs.shop.JSPlan
umd.cs.shop.JSTasks;umd.cs.shop.JSPlanningDomain
umd.cs.shop.JSTasks;umd.cs.shop.JSPredicateForm
umd.cs.shop.JSTasks;umd.cs.shop.JSReduction
umd.cs.shop.JSTasks;umd.cs.shop.JSState
umd.cs.shop.JSTasks;umd.cs.shop.JSSubstitution
umd.cs.shop.JSTasks;umd.cs.shop.JSTState
umd.cs.shop.JSTasks;umd.cs.shop.JSTaskAtom
umd.cs.shop.JSTasks;umd.cs.shop.JSUtil
umd.cs.shop.JSTerm;umd.cs.shop.JSEvaluate
umd.cs.shop.JSTerm;umd.cs.shop.JSJshopVars
umd.cs.shop.JSTerm;umd.cs.shop.JSPairVarTerm
umd.cs.shop.JSTerm;umd.cs.shop.JSParserError
umd.cs.shop.JSTerm;umd.cs.shop.JSPredicateForm
umd.cs.shop.JSTerm;umd.cs.shop.JSSubstitution
umd.cs.shop.JSTerm;umd.cs.shop.JSUtil
umd.cs.shop.JSUtil;umd.cs.shop.JSJshopVars
