jigl.gui.CloseableMainFrame;jigl.gui.CloseableFrame
jigl.gui.ImageCanvas;jigl.image.BadImageException
jigl.gui.ImageCanvas;jigl.image.BinaryImage
jigl.gui.ImageCanvas;jigl.image.ColorImage
jigl.gui.ImageCanvas;jigl.image.ComplexImage
jigl.gui.ImageCanvas;jigl.image.GrayImage
jigl.gui.ImageCanvas;jigl.image.Image
jigl.gui.ImageCanvas;jigl.image.RealColorImage
jigl.gui.ImageCanvas;jigl.image.RealGrayImage
jigl.gui.JImageCanvas;jigl.image.BinaryImage
jigl.gui.JImageCanvas;jigl.image.ColorImage
jigl.gui.JImageCanvas;jigl.image.ComplexImage
jigl.gui.JImageCanvas;jigl.image.GrayImage
jigl.gui.JImageCanvas;jigl.image.Image
jigl.gui.JImageCanvas;jigl.image.ImageNotSupportedException
jigl.gui.JImageCanvas;jigl.image.RealColorImage
jigl.gui.JImageCanvas;jigl.image.RealGrayImage
jigl.gui.SequenceCanvas;jigl.gui.CloseableFrame
jigl.gui.SequenceCanvas;jigl.gui.ImageCanvas
jigl.gui.SequenceCanvas;jigl.image.BadImageException
jigl.gui.SequenceCanvas;jigl.image.Image
jigl.gui.SequenceCanvas;jigl.image.ImageSequence
jigl.gui.SignalCanvas;!defaultpackage!.F[][]
jigl.gui.SignalCanvas;!defaultpackage!.S[][]
jigl.gui.SignalCanvas;jigl.image.GrayImage
jigl.gui.SignalCanvas;jigl.image.RealGrayImage
jigl.gui.SignalCanvas;jigl.signal.BadSignalException
jigl.gui.SignalCanvas;jigl.signal.ComplexSignal
jigl.gui.SignalCanvas;jigl.signal.DiscreteSignal
jigl.gui.SignalCanvas;jigl.signal.RealSignal
jigl.gui.SignalCanvas;jigl.signal.Signal
jigl.gui.SignalCanvas;jigl.signal.utils.SignalConverter
jigl.image.BinaryImage;!defaultpackage!.B[][]
jigl.image.BinaryImage;jigl.image.GrayImage
jigl.image.BinaryImage;jigl.image.Image
jigl.image.BinaryImage;jigl.image.ROI
jigl.image.BinaryImage;jigl.image.RealGrayImage
jigl.image.ColorHistogram;!defaultpackage!.I[][][]
jigl.image.ColorHistogram;jigl.image.ColorImage
jigl.image.ColorImage;jigl.image.GrayImage
jigl.image.ColorImage;jigl.image.Image
jigl.image.ColorImage;jigl.image.ROI
jigl.image.ColorImage;jigl.internal.DummyObserver
jigl.image.ComplexImage;jigl.image.Image
jigl.image.ComplexImage;jigl.image.ROI
jigl.image.ComplexImage;jigl.image.RealGrayImage
jigl.image.ComplexImage;jigl.math.Complex
jigl.image.ComplexMIPMap;jigl.image.ComplexImage
jigl.image.ComplexMIPMap;jigl.image.ComplexMIPMap$Threader
jigl.image.ComplexMIPMap;jigl.image.Image
jigl.image.ComplexMIPMap;jigl.image.InterpolatedRealColorImage
jigl.image.ComplexMIPMap;jigl.image.RealColorImage
jigl.image.ComplexMIPMap;jigl.image.RealGrayImage
jigl.image.ComplexMIPMap;jigl.image.utils.FFT
jigl.image.ComplexMIPMap$Threader;jigl.image.ComplexImage
jigl.image.ComplexMIPMap$Threader;jigl.image.ComplexMIPMap
jigl.image.ComplexMIPMap$Threader;jigl.image.Image
jigl.image.ComplexMIPMap$Threader;jigl.image.InterpolatedRealColorImage
jigl.image.ComplexMIPMap$Threader;jigl.image.RealColorImage
jigl.image.ComplexMIPMap$Threader;jigl.image.RealGrayImage
jigl.image.ComplexMIPMap$Threader;jigl.image.utils.FFT
jigl.image.ComplexMIPMap$Threader;jigl.image.utils.ImageGenerator
jigl.image.CumulativeHistogram;jigl.image.Histogram
jigl.image.GrayImage;!defaultpackage!.I[]
jigl.image.GrayImage;!defaultpackage!.S[][]
jigl.image.GrayImage;jigl.image.Image
jigl.image.GrayImage;jigl.image.ROI
jigl.image.GrayImage;jigl.internal.DummyObserver
jigl.image.Histogram;!defaultpackage!.I[]
jigl.image.Histogram;jigl.image.GrayImage
jigl.image.Histogram;jigl.image.Image
jigl.image.Histogram;jigl.image.ImageNotSupportedException
jigl.image.Histogram;jigl.image.InvalidArgumentException
jigl.image.Histogram;jigl.image.ROI
jigl.image.Histogram;jigl.image.RealGrayImage
jigl.image.Histogram;jigl.signal.RealSignal
jigl.image.Image;jigl.image.ROI
jigl.image.ImageKernel;!defaultpackage!.F[]
jigl.image.ImageKernel;!defaultpackage!.F[][]
jigl.image.ImageKernel;jigl.image.InvalidKernelException
jigl.image.ImageKernel;jigl.image.RealGrayImage
jigl.image.ImageSequence;jigl.image.ColorModelNotSupportedException
jigl.image.ImageSequence;jigl.image.ColorModelUnknownException
jigl.image.ImageSequence;jigl.image.GrayImage
jigl.image.ImageSequence;jigl.image.Image
jigl.image.ImageSequence;jigl.image.ImageNotSupportedException
jigl.image.ImageSequence;jigl.image.RealGrayImage
jigl.image.ImageSequence;jigl.image.utils.ImageConverter
jigl.image.InterpolatedColorImage;jigl.image.ColorImage
jigl.image.InterpolatedColorImage;jigl.image.GrayImage
jigl.image.InterpolatedColorImage;jigl.image.Image
jigl.image.InterpolatedColorImage;jigl.image.InterpolatedGrayImage
jigl.image.InterpolatedColorImage;jigl.image.InterpolatedImage
jigl.image.InterpolatedGrayImage;jigl.image.GrayImage
jigl.image.InterpolatedGrayImage;jigl.image.Image
jigl.image.InterpolatedGrayImage;jigl.image.InterpolatedImage
jigl.image.InterpolatedGrayImage;jigl.image.InterpolatedRealGrayImage
jigl.image.InterpolatedImage;jigl.image.Image
jigl.image.InterpolatedRealColorImage;jigl.image.Image
jigl.image.InterpolatedRealColorImage;jigl.image.InterpolatedImage
jigl.image.InterpolatedRealColorImage;jigl.image.InterpolatedRealGrayImage
jigl.image.InterpolatedRealColorImage;jigl.image.RealColorImage
jigl.image.InterpolatedRealColorImage;jigl.image.RealGrayImage
jigl.image.InterpolatedRealGrayImage;jigl.image.Image
jigl.image.InterpolatedRealGrayImage;jigl.image.InterpolatedImage
jigl.image.InterpolatedRealGrayImage;jigl.image.RealGrayImage
jigl.image.MIPMap;jigl.image.InterpolatedRealColorImage
jigl.image.MIPMap;jigl.image.ROI
jigl.image.MIPMap;jigl.image.RealColorImage
jigl.image.MagnitudeImage;!defaultpackage!.F[][]
jigl.image.MagnitudeImage;jigl.image.ComplexImage
jigl.image.MagnitudeImage;jigl.image.RealGrayImage
jigl.image.Operator;jigl.image.Image
jigl.image.Operator;jigl.image.ImageNotSupportedException
jigl.image.Operator;jigl.image.ROI
jigl.image.PhaseImage;!defaultpackage!.F[][]
jigl.image.PhaseImage;jigl.image.ComplexImage
jigl.image.PhaseImage;jigl.image.RealGrayImage
jigl.image.PowerImage;!defaultpackage!.F[][]
jigl.image.PowerImage;jigl.image.ComplexImage
jigl.image.PowerImage;jigl.image.RealGrayImage
jigl.image.RealColorImage;jigl.image.Image
jigl.image.RealColorImage;jigl.image.ROI
jigl.image.RealColorImage;jigl.image.RealGrayImage
jigl.image.RealColorImage;jigl.internal.DummyObserver
jigl.image.RealGrayImage;!defaultpackage!.F[][]
jigl.image.RealGrayImage;jigl.image.Image
jigl.image.RealGrayImage;jigl.image.ROI
jigl.image.RealGrayImage;jigl.internal.DummyObserver
jigl.image.SimpleOperator;jigl.image.BinaryImage
jigl.image.SimpleOperator;jigl.image.ColorImage
jigl.image.SimpleOperator;jigl.image.ComplexImage
jigl.image.SimpleOperator;jigl.image.GrayImage
jigl.image.SimpleOperator;jigl.image.Image
jigl.image.SimpleOperator;jigl.image.ImageNotSupportedException
jigl.image.SimpleOperator;jigl.image.Operator
jigl.image.SimpleOperator;jigl.image.ROI
jigl.image.SimpleOperator;jigl.image.RealColorImage
jigl.image.SimpleOperator;jigl.image.RealGrayImage
jigl.image.TiledComplexMIPMap;jigl.image.ComplexImage
jigl.image.TiledComplexMIPMap;jigl.image.Image
jigl.image.TiledComplexMIPMap;jigl.image.InterpolatedRealColorImage
jigl.image.TiledComplexMIPMap;jigl.image.RealColorImage
jigl.image.TiledComplexMIPMap;jigl.image.RealGrayImage
jigl.image.TiledComplexMIPMap;jigl.image.TiledComplexMIPMap$Threader
jigl.image.TiledComplexMIPMap;jigl.image.utils.FFT
jigl.image.TiledComplexMIPMap$Threader;jigl.image.ComplexImage
jigl.image.TiledComplexMIPMap$Threader;jigl.image.Image
jigl.image.TiledComplexMIPMap$Threader;jigl.image.InterpolatedRealColorImage
jigl.image.TiledComplexMIPMap$Threader;jigl.image.RealColorImage
jigl.image.TiledComplexMIPMap$Threader;jigl.image.RealGrayImage
jigl.image.TiledComplexMIPMap$Threader;jigl.image.TiledComplexMIPMap
jigl.image.TiledComplexMIPMap$Threader;jigl.image.utils.FFT
jigl.image.TiledComplexMIPMap$Threader;jigl.image.utils.ImageGenerator
jigl.image.TiledImage;jigl.image.ColorImage
jigl.image.TiledImage;jigl.image.ROI
jigl.image.TiledImage;jigl.image.TiledImage$Tile
jigl.image.TiledImage$Tile;jigl.image.TiledImage
jigl.image.TiledMIPMap;jigl.image.ColorImage
jigl.image.TiledMIPMap;jigl.image.ROI
jigl.image.TiledMIPMap;jigl.image.TiledImage
jigl.image.io.ImageInputStream;jigl.image.ColorImage
jigl.image.io.ImageInputStream;jigl.image.GrayImage
jigl.image.io.ImageInputStream;jigl.image.Image
jigl.image.io.ImageInputStream;jigl.image.ImageNotSupportedException
jigl.image.io.ImageInputStream;jigl.image.RealColorImage
jigl.image.io.ImageInputStream;jigl.image.RealGrayImage
jigl.image.io.ImageInputStream;jigl.image.io.IllegalPBMFormatException
jigl.image.io.ImageInputStream;jigl.image.io.ImageInputStream$ImageFileType
jigl.image.io.ImageInputStreamJAI;jigl.image.ColorImage
jigl.image.io.ImageInputStreamJAI;jigl.image.GrayImage
jigl.image.io.ImageInputStreamJAI;jigl.image.Image
jigl.image.io.ImageInputStreamJAI;jigl.image.ImageNotSupportedException
jigl.image.io.ImageInputStreamJAI;jigl.image.io.IllegalPBMFormatException
jigl.image.io.ImageInputStreamJAI;jigl.image.io.ImageInputStream
jigl.image.io.ImageOutputStream;jigl.image.ColorImage
jigl.image.io.ImageOutputStream;jigl.image.ColorModelNotSupportedException
jigl.image.io.ImageOutputStream;jigl.image.ColorModelUnknownException
jigl.image.io.ImageOutputStream;jigl.image.ComplexImage
jigl.image.io.ImageOutputStream;jigl.image.GrayImage
jigl.image.io.ImageOutputStream;jigl.image.Image
jigl.image.io.ImageOutputStream;jigl.image.RealColorImage
jigl.image.io.ImageOutputStream;jigl.image.RealGrayImage
jigl.image.io.ImageOutputStream;jigl.image.UnknownImageTypeException
jigl.image.io.ImageOutputStreamJAI;jigl.image.ColorImage
jigl.image.io.ImageOutputStreamJAI;jigl.image.Image
jigl.image.io.ImageOutputStreamJAI;jigl.image.ImageNotSupportedException
jigl.image.io.ImageOutputStreamJAI;jigl.image.utils.ImageConverter
jigl.image.levelSetTool.LevelSetNudge;jigl.image.RealColorImage
jigl.image.levelSetTool.LevelSetNudge;jigl.image.RealGrayImage
jigl.image.levelSetTool.LevelSetNudge;jigl.image.utils.LocalDifferentialGeometry
jigl.image.levelSetTool.LevelSetSharpen;!defaultpackage!.F[]
jigl.image.levelSetTool.LevelSetSharpen;jigl.image.RealColorImage
jigl.image.levelSetTool.LevelSetSharpen;jigl.image.RealGrayImage
jigl.image.levelSetTool.LevelSetSharpen;jigl.image.utils.LocalDifferentialGeometry
jigl.image.levelSetTool.LevelSetSmooth;jigl.image.RealColorImage
jigl.image.levelSetTool.LevelSetSmooth;jigl.image.RealGrayImage
jigl.image.levelSetTool.LevelSetSmooth;jigl.image.utils.LocalDifferentialGeometry
jigl.image.levelSetTool.LevelSetTools;jigl.image.ColorImage
jigl.image.levelSetTool.LevelSetTools;jigl.image.RealColorImage
jigl.image.levelSetTool.LevelSetTools;jigl.image.levelSetTool.LevelSetNudge
jigl.image.levelSetTool.LevelSetTools;jigl.image.levelSetTool.LevelSetSharpen
jigl.image.levelSetTool.LevelSetTools;jigl.image.levelSetTool.LevelSetSmooth
jigl.image.levelSetTool.LevelSetTools;jigl.image.levelSetTool.NoiseDetectImage
jigl.image.levelSetTool.LevelSetTools;jigl.image.utils.ImageConverter
jigl.image.levelSetTool.LocalMedianSmooth;jigl.image.RealGrayImage
jigl.image.levelSetTool.NoiseDetectImage;jigl.image.RealColorImage
jigl.image.levelSetTool.NoiseDetectImage;jigl.image.RealGrayImage
jigl.image.ops.ConnectedComponents;jigl.image.BinaryImage
jigl.image.ops.ConnectedComponents;jigl.image.GrayImage
jigl.image.ops.ConnectedComponents;jigl.image.Image
jigl.image.ops.ConnectedComponents;jigl.image.InvalidArgumentException
jigl.image.ops.ConnectedComponents;jigl.image.SimpleOperator
jigl.image.ops.Convolve;jigl.image.ColorImage
jigl.image.ops.Convolve;jigl.image.GrayImage
jigl.image.ops.Convolve;jigl.image.Image
jigl.image.ops.Convolve;jigl.image.ImageKernel
jigl.image.ops.Convolve;jigl.image.ImageNotSupportedException
jigl.image.ops.Convolve;jigl.image.ROI
jigl.image.ops.Convolve;jigl.image.RealColorImage
jigl.image.ops.Convolve;jigl.image.RealGrayImage
jigl.image.ops.Convolve;jigl.image.SimpleOperator
jigl.image.ops.Convolve;jigl.image.io.ImageInputStream
jigl.image.ops.Convolve;jigl.image.io.ImageOutputStream
jigl.image.ops.Convolve;jigl.image.ops.Convolve$Threader
jigl.image.ops.Convolve;jigl.image.utils.ImageConverter
jigl.image.ops.Convolve$Threader;jigl.image.GrayImage
jigl.image.ops.Convolve$Threader;jigl.image.Image
jigl.image.ops.Convolve$Threader;jigl.image.ImageKernel
jigl.image.ops.Convolve$Threader;jigl.image.ops.Convolve
jigl.image.ops.Dither;!defaultpackage!.F[]
jigl.image.ops.Dither;jigl.gui.CloseableFrame
jigl.image.ops.Dither;jigl.gui.ImageCanvas
jigl.image.ops.Dither;jigl.image.ColorImage
jigl.image.ops.Dither;jigl.image.Image
jigl.image.ops.Dither;jigl.image.RealColorImage
jigl.image.ops.Dither;jigl.image.SimpleOperator
jigl.image.ops.Dither;jigl.image.io.ImageInputStreamJAI
jigl.image.ops.Dither;jigl.image.utils.ImageConverter
jigl.image.ops.Dither;jigl.image.utils.KdTree
jigl.image.ops.ForwardFFT;jigl.image.ComplexImage
jigl.image.ops.ForwardFFT;jigl.image.GrayImage
jigl.image.ops.ForwardFFT;jigl.image.Image
jigl.image.ops.ForwardFFT;jigl.image.RealGrayImage
jigl.image.ops.ForwardFFT;jigl.image.SimpleOperator
jigl.image.ops.ForwardFFT;jigl.image.utils.FFT
jigl.image.ops.GaussianNoise;jigl.image.ColorImage
jigl.image.ops.GaussianNoise;jigl.image.GrayImage
jigl.image.ops.GaussianNoise;jigl.image.Image
jigl.image.ops.GaussianNoise;jigl.image.ROI
jigl.image.ops.GaussianNoise;jigl.image.RealColorImage
jigl.image.ops.GaussianNoise;jigl.image.RealGrayImage
jigl.image.ops.GaussianNoise;jigl.image.SimpleOperator
jigl.image.ops.HistogramEqualizer;jigl.image.ColorImage
jigl.image.ops.HistogramEqualizer;jigl.image.CumulativeHistogram
jigl.image.ops.HistogramEqualizer;jigl.image.GrayImage
jigl.image.ops.HistogramEqualizer;jigl.image.Histogram
jigl.image.ops.HistogramEqualizer;jigl.image.Image
jigl.image.ops.HistogramEqualizer;jigl.image.ImageNotSupportedException
jigl.image.ops.HistogramEqualizer;jigl.image.ROI
jigl.image.ops.HistogramEqualizer;jigl.image.RealColorImage
jigl.image.ops.HistogramEqualizer;jigl.image.RealGrayImage
jigl.image.ops.HistogramEqualizer;jigl.image.SimpleOperator
jigl.image.ops.HistogramEqualizer;jigl.image.ops.levelOps.LookupTable
jigl.image.ops.HistogramEqualizer;jigl.image.utils.ColorSpace
jigl.image.ops.HistogramEqualizer;jigl.image.utils.ImageConverter
jigl.image.ops.Nearest;!defaultpackage!.F[]
jigl.image.ops.Nearest;jigl.image.ColorImage
jigl.image.ops.Nearest;jigl.image.Image
jigl.image.ops.Nearest;jigl.image.RealColorImage
jigl.image.ops.Nearest;jigl.image.SimpleOperator
jigl.image.ops.Nearest;jigl.image.utils.ImageConverter
jigl.image.ops.Nearest;jigl.image.utils.KdTree
jigl.image.ops.PoissonNoise;jigl.image.ColorImage
jigl.image.ops.PoissonNoise;jigl.image.GrayImage
jigl.image.ops.PoissonNoise;jigl.image.Image
jigl.image.ops.PoissonNoise;jigl.image.ROI
jigl.image.ops.PoissonNoise;jigl.image.RealColorImage
jigl.image.ops.PoissonNoise;jigl.image.RealGrayImage
jigl.image.ops.PoissonNoise;jigl.image.SimpleOperator
jigl.image.ops.ReverseFFT;jigl.image.ComplexImage
jigl.image.ops.ReverseFFT;jigl.image.GrayImage
jigl.image.ops.ReverseFFT;jigl.image.Image
jigl.image.ops.ReverseFFT;jigl.image.RealGrayImage
jigl.image.ops.ReverseFFT;jigl.image.SimpleOperator
jigl.image.ops.ReverseFFT;jigl.image.utils.FFT
jigl.image.ops.Shift;jigl.image.ColorImage
jigl.image.ops.Shift;jigl.image.GrayImage
jigl.image.ops.Shift;jigl.image.Image
jigl.image.ops.Shift;jigl.image.RealColorImage
jigl.image.ops.Shift;jigl.image.RealGrayImage
jigl.image.ops.Shift;jigl.image.SimpleOperator
jigl.image.ops.UniformNoise;jigl.image.ColorImage
jigl.image.ops.UniformNoise;jigl.image.GrayImage
jigl.image.ops.UniformNoise;jigl.image.Image
jigl.image.ops.UniformNoise;jigl.image.ROI
jigl.image.ops.UniformNoise;jigl.image.RealColorImage
jigl.image.ops.UniformNoise;jigl.image.RealGrayImage
jigl.image.ops.UniformNoise;jigl.image.SimpleOperator
jigl.image.ops.levelOps.ByteSize;jigl.image.ColorImage
jigl.image.ops.levelOps.ByteSize;jigl.image.GrayImage
jigl.image.ops.levelOps.ByteSize;jigl.image.Image
jigl.image.ops.levelOps.ByteSize;jigl.image.RealColorImage
jigl.image.ops.levelOps.ByteSize;jigl.image.RealGrayImage
jigl.image.ops.levelOps.ByteSize;jigl.image.SimpleOperator
jigl.image.ops.levelOps.ByteSize;jigl.image.io.ImageInputStream
jigl.image.ops.levelOps.ByteSize;jigl.image.io.ImageOutputStream
jigl.image.ops.levelOps.Clip;jigl.image.ColorImage
jigl.image.ops.levelOps.Clip;jigl.image.GrayImage
jigl.image.ops.levelOps.Clip;jigl.image.Image
jigl.image.ops.levelOps.Clip;jigl.image.ROI
jigl.image.ops.levelOps.Clip;jigl.image.RealColorImage
jigl.image.ops.levelOps.Clip;jigl.image.RealGrayImage
jigl.image.ops.levelOps.Clip;jigl.image.SimpleOperator
jigl.image.ops.levelOps.Clip;jigl.image.io.ImageInputStream
jigl.image.ops.levelOps.Clip;jigl.image.io.ImageOutputStream
jigl.image.ops.levelOps.ClipNeg;jigl.image.ColorImage
jigl.image.ops.levelOps.ClipNeg;jigl.image.GrayImage
jigl.image.ops.levelOps.ClipNeg;jigl.image.Image
jigl.image.ops.levelOps.ClipNeg;jigl.image.ROI
jigl.image.ops.levelOps.ClipNeg;jigl.image.RealColorImage
jigl.image.ops.levelOps.ClipNeg;jigl.image.RealGrayImage
jigl.image.ops.levelOps.ClipNeg;jigl.image.SimpleOperator
jigl.image.ops.levelOps.ClipNeg;jigl.image.io.ImageInputStream
jigl.image.ops.levelOps.ClipNeg;jigl.image.io.ImageOutputStream
jigl.image.ops.levelOps.Exp;jigl.image.ColorImage
jigl.image.ops.levelOps.Exp;jigl.image.GrayImage
jigl.image.ops.levelOps.Exp;jigl.image.Image
jigl.image.ops.levelOps.Exp;jigl.image.ROI
jigl.image.ops.levelOps.Exp;jigl.image.RealColorImage
jigl.image.ops.levelOps.Exp;jigl.image.RealGrayImage
jigl.image.ops.levelOps.Exp;jigl.image.SimpleOperator
jigl.image.ops.levelOps.Exp;jigl.image.io.ImageInputStream
jigl.image.ops.levelOps.Exp;jigl.image.io.ImageOutputStream
jigl.image.ops.levelOps.Exp;jigl.image.utils.ColorSpace
jigl.image.ops.levelOps.Exp;jigl.image.utils.ImageConverter
jigl.image.ops.levelOps.Exp;jigl.image.utils.NotHSVColorSpaceException
jigl.image.ops.levelOps.Log;jigl.image.ColorImage
jigl.image.ops.levelOps.Log;jigl.image.GrayImage
jigl.image.ops.levelOps.Log;jigl.image.Image
jigl.image.ops.levelOps.Log;jigl.image.ROI
jigl.image.ops.levelOps.Log;jigl.image.RealColorImage
jigl.image.ops.levelOps.Log;jigl.image.RealGrayImage
jigl.image.ops.levelOps.Log;jigl.image.SimpleOperator
jigl.image.ops.levelOps.Log;jigl.image.io.ImageInputStream
jigl.image.ops.levelOps.Log;jigl.image.io.ImageOutputStream
jigl.image.ops.levelOps.Log;jigl.image.utils.ColorSpace
jigl.image.ops.levelOps.Log;jigl.image.utils.ImageConverter
jigl.image.ops.levelOps.Log;jigl.image.utils.NotHSVColorSpaceException
jigl.image.ops.levelOps.LookupTable;jigl.image.GrayImage
jigl.image.ops.levelOps.LookupTable;jigl.image.Image
jigl.image.ops.levelOps.LookupTable;jigl.image.ROI
jigl.image.ops.levelOps.LookupTable;jigl.image.RealGrayImage
jigl.image.ops.levelOps.LookupTable;jigl.image.SimpleOperator
jigl.image.ops.levelOps.Negate;jigl.image.ColorImage
jigl.image.ops.levelOps.Negate;jigl.image.GrayImage
jigl.image.ops.levelOps.Negate;jigl.image.Image
jigl.image.ops.levelOps.Negate;jigl.image.ROI
jigl.image.ops.levelOps.Negate;jigl.image.RealColorImage
jigl.image.ops.levelOps.Negate;jigl.image.RealGrayImage
jigl.image.ops.levelOps.Negate;jigl.image.SimpleOperator
jigl.image.ops.levelOps.Negate;jigl.image.io.ImageInputStream
jigl.image.ops.levelOps.Negate;jigl.image.io.ImageOutputStream
jigl.image.ops.levelOps.Negative;jigl.image.ColorImage
jigl.image.ops.levelOps.Negative;jigl.image.GrayImage
jigl.image.ops.levelOps.Negative;jigl.image.Image
jigl.image.ops.levelOps.Negative;jigl.image.ROI
jigl.image.ops.levelOps.Negative;jigl.image.RealColorImage
jigl.image.ops.levelOps.Negative;jigl.image.RealGrayImage
jigl.image.ops.levelOps.Negative;jigl.image.SimpleOperator
jigl.image.ops.levelOps.Negative;jigl.image.io.ImageInputStream
jigl.image.ops.levelOps.Negative;jigl.image.io.ImageOutputStream
jigl.image.ops.levelOps.Scale;jigl.image.ColorImage
jigl.image.ops.levelOps.Scale;jigl.image.GrayImage
jigl.image.ops.levelOps.Scale;jigl.image.Image
jigl.image.ops.levelOps.Scale;jigl.image.ROI
jigl.image.ops.levelOps.Scale;jigl.image.RealColorImage
jigl.image.ops.levelOps.Scale;jigl.image.RealGrayImage
jigl.image.ops.levelOps.Scale;jigl.image.SimpleOperator
jigl.image.ops.levelOps.Scale;jigl.image.io.ImageInputStream
jigl.image.ops.levelOps.Scale;jigl.image.io.ImageOutputStream
jigl.image.ops.levelOps.Threshold;jigl.image.GrayImage
jigl.image.ops.levelOps.Threshold;jigl.image.Image
jigl.image.ops.levelOps.Threshold;jigl.image.ROI
jigl.image.ops.levelOps.Threshold;jigl.image.RealGrayImage
jigl.image.ops.levelOps.Threshold;jigl.image.SimpleOperator
jigl.image.ops.levelOps.Threshold;jigl.image.io.ImageInputStream
jigl.image.ops.levelOps.Threshold;jigl.image.io.ImageOutputStream
jigl.image.ops.levelOps.Window;jigl.image.ColorImage
jigl.image.ops.levelOps.Window;jigl.image.GrayImage
jigl.image.ops.levelOps.Window;jigl.image.Image
jigl.image.ops.levelOps.Window;jigl.image.ROI
jigl.image.ops.levelOps.Window;jigl.image.RealColorImage
jigl.image.ops.levelOps.Window;jigl.image.RealGrayImage
jigl.image.ops.levelOps.Window;jigl.image.SimpleOperator
jigl.image.ops.levelOps.Window;jigl.image.io.ImageInputStream
jigl.image.ops.levelOps.Window;jigl.image.io.ImageOutputStream
jigl.image.ops.levelOps.Window;jigl.image.utils.ColorSpace
jigl.image.ops.levelOps.Window;jigl.image.utils.ImageConverter
jigl.image.ops.morph.Close;jigl.image.BinaryImage
jigl.image.ops.morph.Close;jigl.image.Image
jigl.image.ops.morph.Close;jigl.image.ImageKernel
jigl.image.ops.morph.Close;jigl.image.ROI
jigl.image.ops.morph.Close;jigl.image.SimpleOperator
jigl.image.ops.morph.Close;jigl.image.io.ImageInputStream
jigl.image.ops.morph.Close;jigl.image.io.ImageOutputStream
jigl.image.ops.morph.Close;jigl.image.ops.morph.Dilate
jigl.image.ops.morph.Close;jigl.image.ops.morph.Erode
jigl.image.ops.morph.Dilate;jigl.image.BinaryImage
jigl.image.ops.morph.Dilate;jigl.image.Image
jigl.image.ops.morph.Dilate;jigl.image.ImageKernel
jigl.image.ops.morph.Dilate;jigl.image.ROI
jigl.image.ops.morph.Dilate;jigl.image.SimpleOperator
jigl.image.ops.morph.Dilate;jigl.image.io.ImageInputStream
jigl.image.ops.morph.Dilate;jigl.image.io.ImageOutputStream
jigl.image.ops.morph.Erode;!defaultpackage!.B[][]
jigl.image.ops.morph.Erode;jigl.image.BinaryImage
jigl.image.ops.morph.Erode;jigl.image.Image
jigl.image.ops.morph.Erode;jigl.image.ImageKernel
jigl.image.ops.morph.Erode;jigl.image.ROI
jigl.image.ops.morph.Erode;jigl.image.SimpleOperator
jigl.image.ops.morph.Erode;jigl.image.io.ImageInputStream
jigl.image.ops.morph.Erode;jigl.image.io.ImageOutputStream
jigl.image.ops.morph.GClose;jigl.image.ColorImage
jigl.image.ops.morph.GClose;jigl.image.GrayImage
jigl.image.ops.morph.GClose;jigl.image.Image
jigl.image.ops.morph.GClose;jigl.image.ImageKernel
jigl.image.ops.morph.GClose;jigl.image.ROI
jigl.image.ops.morph.GClose;jigl.image.RealColorImage
jigl.image.ops.morph.GClose;jigl.image.RealGrayImage
jigl.image.ops.morph.GClose;jigl.image.SimpleOperator
jigl.image.ops.morph.GClose;jigl.image.io.ImageInputStream
jigl.image.ops.morph.GClose;jigl.image.io.ImageOutputStream
jigl.image.ops.morph.GClose;jigl.image.ops.morph.GDilate
jigl.image.ops.morph.GClose;jigl.image.ops.morph.GErode
jigl.image.ops.morph.GDilate;!defaultpackage!.F[][]
jigl.image.ops.morph.GDilate;jigl.image.ColorImage
jigl.image.ops.morph.GDilate;jigl.image.GrayImage
jigl.image.ops.morph.GDilate;jigl.image.Image
jigl.image.ops.morph.GDilate;jigl.image.ImageKernel
jigl.image.ops.morph.GDilate;jigl.image.ROI
jigl.image.ops.morph.GDilate;jigl.image.RealColorImage
jigl.image.ops.morph.GDilate;jigl.image.RealGrayImage
jigl.image.ops.morph.GDilate;jigl.image.SimpleOperator
jigl.image.ops.morph.GDilate;jigl.image.io.ImageInputStream
jigl.image.ops.morph.GDilate;jigl.image.io.ImageOutputStream
jigl.image.ops.morph.GErode;!defaultpackage!.F[][]
jigl.image.ops.morph.GErode;jigl.image.ColorImage
jigl.image.ops.morph.GErode;jigl.image.GrayImage
jigl.image.ops.morph.GErode;jigl.image.Image
jigl.image.ops.morph.GErode;jigl.image.ImageKernel
jigl.image.ops.morph.GErode;jigl.image.ROI
jigl.image.ops.morph.GErode;jigl.image.RealColorImage
jigl.image.ops.morph.GErode;jigl.image.RealGrayImage
jigl.image.ops.morph.GErode;jigl.image.SimpleOperator
jigl.image.ops.morph.GErode;jigl.image.io.ImageInputStream
jigl.image.ops.morph.GErode;jigl.image.io.ImageOutputStream
jigl.image.ops.morph.GOpen;jigl.image.ColorImage
jigl.image.ops.morph.GOpen;jigl.image.GrayImage
jigl.image.ops.morph.GOpen;jigl.image.Image
jigl.image.ops.morph.GOpen;jigl.image.ImageKernel
jigl.image.ops.morph.GOpen;jigl.image.ROI
jigl.image.ops.morph.GOpen;jigl.image.RealColorImage
jigl.image.ops.morph.GOpen;jigl.image.RealGrayImage
jigl.image.ops.morph.GOpen;jigl.image.SimpleOperator
jigl.image.ops.morph.GOpen;jigl.image.io.ImageInputStream
jigl.image.ops.morph.GOpen;jigl.image.io.ImageOutputStream
jigl.image.ops.morph.GOpen;jigl.image.ops.morph.GDilate
jigl.image.ops.morph.GOpen;jigl.image.ops.morph.GErode
jigl.image.ops.morph.Open;jigl.image.BinaryImage
jigl.image.ops.morph.Open;jigl.image.Image
jigl.image.ops.morph.Open;jigl.image.ImageKernel
jigl.image.ops.morph.Open;jigl.image.ROI
jigl.image.ops.morph.Open;jigl.image.SimpleOperator
jigl.image.ops.morph.Open;jigl.image.io.ImageInputStream
jigl.image.ops.morph.Open;jigl.image.io.ImageOutputStream
jigl.image.ops.morph.Open;jigl.image.ops.morph.Dilate
jigl.image.ops.morph.Open;jigl.image.ops.morph.Erode
jigl.image.utils.ColorSpace;!defaultpackage!.D[]
jigl.image.utils.ColorSpace;!defaultpackage!.D[][]
jigl.image.utils.ColorSpace;jigl.image.RealColorImage
jigl.image.utils.ColorSpace;jigl.image.utils.NotHLSColorSpaceException
jigl.image.utils.ColorSpace;jigl.image.utils.NotHSVColorSpaceException
jigl.image.utils.ColorSpace;jigl.math.Matrix
jigl.image.utils.DifferentialGeometry;jigl.image.Image
jigl.image.utils.DifferentialGeometry;jigl.image.ImageKernel
jigl.image.utils.DifferentialGeometry;jigl.image.ImageNotSupportedException
jigl.image.utils.DifferentialGeometry;jigl.image.RealGrayImage
jigl.image.utils.DifferentialGeometry;jigl.image.ops.Convolve
jigl.image.utils.FFT;jigl.image.ComplexImage
jigl.image.utils.FFT;jigl.image.GrayImage
jigl.image.utils.FFT;jigl.image.Image
jigl.image.utils.FFT;jigl.image.RealGrayImage
jigl.image.utils.ImageConverter;jigl.image.BinaryImage
jigl.image.utils.ImageConverter;jigl.image.ColorImage
jigl.image.utils.ImageConverter;jigl.image.ColorModelNotSupportedException
jigl.image.utils.ImageConverter;jigl.image.ColorModelUnknownException
jigl.image.utils.ImageConverter;jigl.image.ComplexImage
jigl.image.utils.ImageConverter;jigl.image.GrayImage
jigl.image.utils.ImageConverter;jigl.image.Image
jigl.image.utils.ImageConverter;jigl.image.RealColorImage
jigl.image.utils.ImageConverter;jigl.image.RealGrayImage
jigl.image.utils.ImageGenerator;jigl.image.ComplexImage
jigl.image.utils.ImageGenerator;jigl.image.Image
jigl.image.utils.ImageGenerator;jigl.image.RealGrayImage
jigl.image.utils.ImageGenerator;jigl.image.io.ImageOutputStream
jigl.image.utils.ImageGenerator;jigl.image.utils.InvalidCommandLineException
jigl.image.utils.ImageOps;jigl.image.ColorImage
jigl.image.utils.ImageOps;jigl.image.ColorModelNotSupportedException
jigl.image.utils.ImageOps;jigl.image.ColorModelUnknownException
jigl.image.utils.ImageOps;jigl.image.ComplexImage
jigl.image.utils.ImageOps;jigl.image.GrayImage
jigl.image.utils.ImageOps;jigl.image.Image
jigl.image.utils.ImageOps;jigl.image.ImageNotSupportedException
jigl.image.utils.ImageOps;jigl.image.RealColorImage
jigl.image.utils.ImageOps;jigl.image.RealGrayImage
jigl.image.utils.ImageOps;jigl.image.io.IllegalPBMFormatException
jigl.image.utils.ImageOps;jigl.image.io.ImageInputStream
jigl.image.utils.ImageOps;jigl.image.io.ImageOutputStream
jigl.image.utils.ImageOps;jigl.image.utils.ImageConverter
jigl.image.utils.ImageOps;jigl.image.utils.IncompatibleImagesException
jigl.image.utils.ImageOps;jigl.image.utils.InvalidCommandLineException
jigl.image.utils.KdTree;jigl.image.RealColorImage
jigl.image.utils.LocalDifferentialGeometry;jigl.image.Image
jigl.image.utils.LocalDifferentialGeometry;jigl.image.ImageKernel
jigl.image.utils.LocalDifferentialGeometry;jigl.image.ROI
jigl.image.utils.LocalDifferentialGeometry;jigl.image.RealGrayImage
jigl.image.utils.LocalDifferentialGeometry;jigl.image.ops.Convolve
jigl.image.utils.Scaler;jigl.image.GrayImage
jigl.image.utils.Scaler;jigl.image.Image
jigl.image.utils.Scaler;jigl.image.ImageKernel
jigl.image.utils.Scaler;jigl.image.ImageNotSupportedException
jigl.image.utils.Scaler;jigl.image.ops.Convolve
jigl.image.warp.AffineTransform;jigl.image.warp.PointMapper
jigl.image.warp.AffineTransform;jigl.math.IdentityMatrix
jigl.image.warp.AffineTransform;jigl.math.Matrix
jigl.image.warp.Composite;jigl.image.warp.PointMapper
jigl.image.warp.IdentityTransform;jigl.image.warp.PointMapper
jigl.image.warp.Inverse;jigl.image.warp.PointMapper
jigl.image.warp.Mapper;!defaultpackage!.F[]
jigl.image.warp.Mapper;!defaultpackage!.I[]
jigl.image.warp.Mapper;jigl.image.ColorImage
jigl.image.warp.Mapper;jigl.image.GrayImage
jigl.image.warp.Mapper;jigl.image.Image
jigl.image.warp.Mapper;jigl.image.ImageNotSupportedException
jigl.image.warp.Mapper;jigl.image.InterpolatedColorImage
jigl.image.warp.Mapper;jigl.image.InterpolatedGrayImage
jigl.image.warp.Mapper;jigl.image.InterpolatedRealColorImage
jigl.image.warp.Mapper;jigl.image.InterpolatedRealGrayImage
jigl.image.warp.Mapper;jigl.image.RealColorImage
jigl.image.warp.Mapper;jigl.image.RealGrayImage
jigl.image.warp.Mapper;jigl.image.SimpleOperator
jigl.image.warp.Mapper;jigl.image.warp.PointMapper
jigl.image.warp.PerspectiveTransform;jigl.image.warp.PointMapper
jigl.image.warp.PerspectiveTransform;jigl.math.IdentityMatrix
jigl.image.warp.PerspectiveTransform;jigl.math.Matrix
jigl.image.warp.RotateAboutTransform;jigl.image.warp.PointMapper
jigl.image.warp.RotateTransform;jigl.image.warp.PointMapper
jigl.image.warp.ScaleTransform;jigl.image.warp.PointMapper
jigl.image.warp.TranslateTransform;jigl.image.warp.PointMapper
jigl.image.warp.WarpedColorImage;jigl.image.InterpolatedColorImage
jigl.image.warp.WarpedColorImage;jigl.image.warp.PointMapper
jigl.image.warp.WarpedColorImage;jigl.image.warp.WarpedImage
jigl.image.warp.WarpedGrayImage;jigl.image.InterpolatedGrayImage
jigl.image.warp.WarpedGrayImage;jigl.image.warp.PointMapper
jigl.image.warp.WarpedGrayImage;jigl.image.warp.WarpedImage
jigl.image.warp.WarpedRealColorImage;jigl.image.InterpolatedRealColorImage
jigl.image.warp.WarpedRealColorImage;jigl.image.warp.PointMapper
jigl.image.warp.WarpedRealColorImage;jigl.image.warp.WarpedImage
jigl.image.warp.WarpedRealGrayImage;jigl.image.InterpolatedRealGrayImage
jigl.image.warp.WarpedRealGrayImage;jigl.image.warp.PointMapper
jigl.image.warp.WarpedRealGrayImage;jigl.image.warp.WarpedImage
jigl.math.IdentityMatrix;jigl.math.Matrix
jigl.math.Matrix;!defaultpackage!.D[][]
jigl.math.Matrix;jigl.math.Vector
jigl.math.ProjectionMatrix;jigl.math.Matrix
jigl.math.RotationMatrix;jigl.math.Matrix
jigl.math.ScaleMatrix;jigl.math.Matrix
jigl.math.TranslationMatrix;jigl.math.Matrix
jigl.math.TranslationMatrix;jigl.math.Vector
jigl.signal.BinarySignal;jigl.signal.DiscreteSignal
jigl.signal.BinarySignal;jigl.signal.RealSignal
jigl.signal.BinarySignal;jigl.signal.Signal
jigl.signal.ComplexSignal;jigl.math.Complex
jigl.signal.ComplexSignal;jigl.signal.ROI
jigl.signal.ComplexSignal;jigl.signal.RealSignal
jigl.signal.ComplexSignal;jigl.signal.Signal
jigl.signal.DiscreteSignal;!defaultpackage!.S[]
jigl.signal.DiscreteSignal;jigl.signal.ROI
jigl.signal.DiscreteSignal;jigl.signal.RealSignal
jigl.signal.DiscreteSignal;jigl.signal.Signal
jigl.signal.DiscreteSignal;jigl.signal.utils.SignalConverter
jigl.signal.MagnitudeSignal;jigl.signal.ComplexSignal
jigl.signal.MagnitudeSignal;jigl.signal.RealSignal
jigl.signal.Operator;jigl.signal.ROI
jigl.signal.Operator;jigl.signal.Signal
jigl.signal.Operator;jigl.signal.SignalNotSupportedException
jigl.signal.PhaseSignal;jigl.signal.ComplexSignal
jigl.signal.PhaseSignal;jigl.signal.RealSignal
jigl.signal.PowerSignal;jigl.signal.ComplexSignal
jigl.signal.PowerSignal;jigl.signal.RealSignal
jigl.signal.RealSignal;!defaultpackage!.F[]
jigl.signal.RealSignal;jigl.signal.ROI
jigl.signal.RealSignal;jigl.signal.Signal
jigl.signal.RealSignal;jigl.signal.utils.SignalConverter
jigl.signal.SignalKernel;!defaultpackage!.F[]
jigl.signal.SignalKernel;jigl.signal.InvalidKernelException
jigl.signal.SignalKernel;jigl.signal.RealSignal
jigl.signal.SimpleOperator;jigl.signal.BinarySignal
jigl.signal.SimpleOperator;jigl.signal.ComplexSignal
jigl.signal.SimpleOperator;jigl.signal.DiscreteSignal
jigl.signal.SimpleOperator;jigl.signal.Operator
jigl.signal.SimpleOperator;jigl.signal.ROI
jigl.signal.SimpleOperator;jigl.signal.RealSignal
jigl.signal.SimpleOperator;jigl.signal.Signal
jigl.signal.SimpleOperator;jigl.signal.SignalNotSupportedException
jigl.signal.io.SignalInputStream;jigl.signal.DiscreteSignal
jigl.signal.io.SignalInputStream;jigl.signal.RealSignal
jigl.signal.io.SignalInputStream;jigl.signal.Signal
jigl.signal.io.SignalInputStream;jigl.signal.SignalNotSupportedException
jigl.signal.io.SignalInputStream;jigl.signal.io.IllegalPBMFormatException
jigl.signal.io.SignalOutputStream;jigl.signal.DiscreteSignal
jigl.signal.io.SignalOutputStream;jigl.signal.RealSignal
jigl.signal.io.SignalOutputStream;jigl.signal.Signal
jigl.signal.io.SignalOutputStream;jigl.signal.UnknownSignalTypeException
jigl.signal.ops.Convolve;jigl.signal.DiscreteSignal
jigl.signal.ops.Convolve;jigl.signal.ROI
jigl.signal.ops.Convolve;jigl.signal.RealSignal
jigl.signal.ops.Convolve;jigl.signal.Signal
jigl.signal.ops.Convolve;jigl.signal.SignalKernel
jigl.signal.ops.Convolve;jigl.signal.SimpleOperator
jigl.signal.ops.ForwardFFT;jigl.signal.ComplexSignal
jigl.signal.ops.ForwardFFT;jigl.signal.DiscreteSignal
jigl.signal.ops.ForwardFFT;jigl.signal.RealSignal
jigl.signal.ops.ForwardFFT;jigl.signal.Signal
jigl.signal.ops.ForwardFFT;jigl.signal.SimpleOperator
jigl.signal.ops.ForwardFFT;jigl.signal.utils.FFT
jigl.signal.ops.GaussianNoise;jigl.signal.DiscreteSignal
jigl.signal.ops.GaussianNoise;jigl.signal.ROI
jigl.signal.ops.GaussianNoise;jigl.signal.RealSignal
jigl.signal.ops.GaussianNoise;jigl.signal.Signal
jigl.signal.ops.GaussianNoise;jigl.signal.SimpleOperator
jigl.signal.ops.PoissonNoise;jigl.signal.DiscreteSignal
jigl.signal.ops.PoissonNoise;jigl.signal.ROI
jigl.signal.ops.PoissonNoise;jigl.signal.RealSignal
jigl.signal.ops.PoissonNoise;jigl.signal.Signal
jigl.signal.ops.PoissonNoise;jigl.signal.SimpleOperator
jigl.signal.ops.ReverseFFT;jigl.signal.ComplexSignal
jigl.signal.ops.ReverseFFT;jigl.signal.DiscreteSignal
jigl.signal.ops.ReverseFFT;jigl.signal.RealSignal
jigl.signal.ops.ReverseFFT;jigl.signal.Signal
jigl.signal.ops.ReverseFFT;jigl.signal.SimpleOperator
jigl.signal.ops.ReverseFFT;jigl.signal.utils.FFT
jigl.signal.ops.Shift;jigl.signal.DiscreteSignal
jigl.signal.ops.Shift;jigl.signal.RealSignal
jigl.signal.ops.Shift;jigl.signal.Signal
jigl.signal.ops.Shift;jigl.signal.SimpleOperator
jigl.signal.ops.UniformNoise;jigl.signal.DiscreteSignal
jigl.signal.ops.UniformNoise;jigl.signal.ROI
jigl.signal.ops.UniformNoise;jigl.signal.RealSignal
jigl.signal.ops.UniformNoise;jigl.signal.Signal
jigl.signal.ops.UniformNoise;jigl.signal.SimpleOperator
jigl.signal.ops.levelOps.ByteSize;jigl.signal.DiscreteSignal
jigl.signal.ops.levelOps.ByteSize;jigl.signal.RealSignal
jigl.signal.ops.levelOps.ByteSize;jigl.signal.Signal
jigl.signal.ops.levelOps.ByteSize;jigl.signal.SimpleOperator
jigl.signal.ops.levelOps.ByteSize;jigl.signal.io.SignalInputStream
jigl.signal.ops.levelOps.ByteSize;jigl.signal.io.SignalOutputStream
jigl.signal.ops.levelOps.Clip;jigl.signal.DiscreteSignal
jigl.signal.ops.levelOps.Clip;jigl.signal.ROI
jigl.signal.ops.levelOps.Clip;jigl.signal.RealSignal
jigl.signal.ops.levelOps.Clip;jigl.signal.Signal
jigl.signal.ops.levelOps.Clip;jigl.signal.SimpleOperator
jigl.signal.ops.levelOps.Clip;jigl.signal.io.SignalInputStream
jigl.signal.ops.levelOps.Clip;jigl.signal.io.SignalOutputStream
jigl.signal.ops.levelOps.ClipNeg;jigl.signal.DiscreteSignal
jigl.signal.ops.levelOps.ClipNeg;jigl.signal.ROI
jigl.signal.ops.levelOps.ClipNeg;jigl.signal.RealSignal
jigl.signal.ops.levelOps.ClipNeg;jigl.signal.Signal
jigl.signal.ops.levelOps.ClipNeg;jigl.signal.SimpleOperator
jigl.signal.ops.levelOps.ClipNeg;jigl.signal.io.SignalInputStream
jigl.signal.ops.levelOps.ClipNeg;jigl.signal.io.SignalOutputStream
jigl.signal.ops.levelOps.Exp;jigl.signal.DiscreteSignal
jigl.signal.ops.levelOps.Exp;jigl.signal.ROI
jigl.signal.ops.levelOps.Exp;jigl.signal.RealSignal
jigl.signal.ops.levelOps.Exp;jigl.signal.Signal
jigl.signal.ops.levelOps.Exp;jigl.signal.SimpleOperator
jigl.signal.ops.levelOps.Exp;jigl.signal.io.SignalInputStream
jigl.signal.ops.levelOps.Exp;jigl.signal.io.SignalOutputStream
jigl.signal.ops.levelOps.Exp;jigl.signal.utils.SignalConverter
jigl.signal.ops.levelOps.Log;jigl.signal.DiscreteSignal
jigl.signal.ops.levelOps.Log;jigl.signal.ROI
jigl.signal.ops.levelOps.Log;jigl.signal.RealSignal
jigl.signal.ops.levelOps.Log;jigl.signal.Signal
jigl.signal.ops.levelOps.Log;jigl.signal.SimpleOperator
jigl.signal.ops.levelOps.Log;jigl.signal.io.SignalInputStream
jigl.signal.ops.levelOps.Log;jigl.signal.io.SignalOutputStream
jigl.signal.ops.levelOps.Log;jigl.signal.utils.SignalConverter
jigl.signal.ops.levelOps.Negate;jigl.signal.DiscreteSignal
jigl.signal.ops.levelOps.Negate;jigl.signal.ROI
jigl.signal.ops.levelOps.Negate;jigl.signal.RealSignal
jigl.signal.ops.levelOps.Negate;jigl.signal.Signal
jigl.signal.ops.levelOps.Negate;jigl.signal.SimpleOperator
jigl.signal.ops.levelOps.Negative;jigl.signal.DiscreteSignal
jigl.signal.ops.levelOps.Negative;jigl.signal.ROI
jigl.signal.ops.levelOps.Negative;jigl.signal.RealSignal
jigl.signal.ops.levelOps.Negative;jigl.signal.Signal
jigl.signal.ops.levelOps.Negative;jigl.signal.SimpleOperator
jigl.signal.ops.levelOps.Scale;jigl.signal.DiscreteSignal
jigl.signal.ops.levelOps.Scale;jigl.signal.ROI
jigl.signal.ops.levelOps.Scale;jigl.signal.RealSignal
jigl.signal.ops.levelOps.Scale;jigl.signal.Signal
jigl.signal.ops.levelOps.Scale;jigl.signal.SimpleOperator
jigl.signal.ops.levelOps.Scale;jigl.signal.io.SignalInputStream
jigl.signal.ops.levelOps.Scale;jigl.signal.io.SignalOutputStream
jigl.signal.ops.levelOps.Threshold;jigl.signal.DiscreteSignal
jigl.signal.ops.levelOps.Threshold;jigl.signal.ROI
jigl.signal.ops.levelOps.Threshold;jigl.signal.RealSignal
jigl.signal.ops.levelOps.Threshold;jigl.signal.Signal
jigl.signal.ops.levelOps.Threshold;jigl.signal.SimpleOperator
jigl.signal.ops.levelOps.Threshold;jigl.signal.io.SignalInputStream
jigl.signal.ops.levelOps.Threshold;jigl.signal.io.SignalOutputStream
jigl.signal.ops.levelOps.Window;jigl.signal.DiscreteSignal
jigl.signal.ops.levelOps.Window;jigl.signal.ROI
jigl.signal.ops.levelOps.Window;jigl.signal.RealSignal
jigl.signal.ops.levelOps.Window;jigl.signal.Signal
jigl.signal.ops.levelOps.Window;jigl.signal.SimpleOperator
jigl.signal.ops.levelOps.Window;jigl.signal.io.SignalInputStream
jigl.signal.ops.levelOps.Window;jigl.signal.io.SignalOutputStream
jigl.signal.ops.morph.Close;jigl.signal.BinarySignal
jigl.signal.ops.morph.Close;jigl.signal.ROI
jigl.signal.ops.morph.Close;jigl.signal.Signal
jigl.signal.ops.morph.Close;jigl.signal.SignalKernel
jigl.signal.ops.morph.Close;jigl.signal.SimpleOperator
jigl.signal.ops.morph.Close;jigl.signal.io.SignalInputStream
jigl.signal.ops.morph.Close;jigl.signal.io.SignalOutputStream
jigl.signal.ops.morph.Close;jigl.signal.ops.morph.Dilate
jigl.signal.ops.morph.Close;jigl.signal.ops.morph.Erode
jigl.signal.ops.morph.Dilate;jigl.signal.BinarySignal
jigl.signal.ops.morph.Dilate;jigl.signal.ROI
jigl.signal.ops.morph.Dilate;jigl.signal.Signal
jigl.signal.ops.morph.Dilate;jigl.signal.SignalKernel
jigl.signal.ops.morph.Dilate;jigl.signal.SimpleOperator
jigl.signal.ops.morph.Dilate;jigl.signal.io.SignalInputStream
jigl.signal.ops.morph.Dilate;jigl.signal.io.SignalOutputStream
jigl.signal.ops.morph.Erode;jigl.signal.BinarySignal
jigl.signal.ops.morph.Erode;jigl.signal.ROI
jigl.signal.ops.morph.Erode;jigl.signal.Signal
jigl.signal.ops.morph.Erode;jigl.signal.SignalKernel
jigl.signal.ops.morph.Erode;jigl.signal.SimpleOperator
jigl.signal.ops.morph.Erode;jigl.signal.io.SignalInputStream
jigl.signal.ops.morph.Erode;jigl.signal.io.SignalOutputStream
jigl.signal.ops.morph.GClose;jigl.signal.DiscreteSignal
jigl.signal.ops.morph.GClose;jigl.signal.ROI
jigl.signal.ops.morph.GClose;jigl.signal.RealSignal
jigl.signal.ops.morph.GClose;jigl.signal.Signal
jigl.signal.ops.morph.GClose;jigl.signal.SignalKernel
jigl.signal.ops.morph.GClose;jigl.signal.SimpleOperator
jigl.signal.ops.morph.GClose;jigl.signal.io.SignalInputStream
jigl.signal.ops.morph.GClose;jigl.signal.io.SignalOutputStream
jigl.signal.ops.morph.GClose;jigl.signal.ops.morph.GDilate
jigl.signal.ops.morph.GClose;jigl.signal.ops.morph.GErode
jigl.signal.ops.morph.GDilate;jigl.signal.DiscreteSignal
jigl.signal.ops.morph.GDilate;jigl.signal.ROI
jigl.signal.ops.morph.GDilate;jigl.signal.RealSignal
jigl.signal.ops.morph.GDilate;jigl.signal.Signal
jigl.signal.ops.morph.GDilate;jigl.signal.SignalKernel
jigl.signal.ops.morph.GDilate;jigl.signal.SimpleOperator
jigl.signal.ops.morph.GDilate;jigl.signal.io.SignalInputStream
jigl.signal.ops.morph.GDilate;jigl.signal.io.SignalOutputStream
jigl.signal.ops.morph.GErode;jigl.signal.DiscreteSignal
jigl.signal.ops.morph.GErode;jigl.signal.ROI
jigl.signal.ops.morph.GErode;jigl.signal.RealSignal
jigl.signal.ops.morph.GErode;jigl.signal.Signal
jigl.signal.ops.morph.GErode;jigl.signal.SignalKernel
jigl.signal.ops.morph.GErode;jigl.signal.SimpleOperator
jigl.signal.ops.morph.GErode;jigl.signal.io.SignalInputStream
jigl.signal.ops.morph.GErode;jigl.signal.io.SignalOutputStream
jigl.signal.ops.morph.GOpen;jigl.signal.DiscreteSignal
jigl.signal.ops.morph.GOpen;jigl.signal.ROI
jigl.signal.ops.morph.GOpen;jigl.signal.RealSignal
jigl.signal.ops.morph.GOpen;jigl.signal.Signal
jigl.signal.ops.morph.GOpen;jigl.signal.SignalKernel
jigl.signal.ops.morph.GOpen;jigl.signal.SimpleOperator
jigl.signal.ops.morph.GOpen;jigl.signal.io.SignalInputStream
jigl.signal.ops.morph.GOpen;jigl.signal.io.SignalOutputStream
jigl.signal.ops.morph.GOpen;jigl.signal.ops.morph.GDilate
jigl.signal.ops.morph.GOpen;jigl.signal.ops.morph.GErode
jigl.signal.ops.morph.Open;jigl.signal.BinarySignal
jigl.signal.ops.morph.Open;jigl.signal.ROI
jigl.signal.ops.morph.Open;jigl.signal.Signal
jigl.signal.ops.morph.Open;jigl.signal.SignalKernel
jigl.signal.ops.morph.Open;jigl.signal.SimpleOperator
jigl.signal.ops.morph.Open;jigl.signal.io.SignalInputStream
jigl.signal.ops.morph.Open;jigl.signal.io.SignalOutputStream
jigl.signal.ops.morph.Open;jigl.signal.ops.morph.Dilate
jigl.signal.ops.morph.Open;jigl.signal.ops.morph.Erode
jigl.signal.utils.FFT;!defaultpackage!.F[]
jigl.signal.utils.FFT;!defaultpackage!.F[][]
jigl.signal.utils.FFT;jigl.signal.ComplexSignal
jigl.signal.utils.FFT;jigl.signal.DiscreteSignal
jigl.signal.utils.FFT;jigl.signal.RealSignal
jigl.signal.utils.FFT;jigl.signal.Signal
jigl.signal.utils.SignalConverter;jigl.signal.ComplexSignal
jigl.signal.utils.SignalConverter;jigl.signal.DiscreteSignal
jigl.signal.utils.SignalConverter;jigl.signal.RealSignal
jigl.signal.utils.SignalConverter;jigl.signal.Signal
jigl.signal.utils.SignalGenerator;jigl.signal.RealSignal
jigl.signal.utils.SignalGenerator;jigl.signal.Signal
jigl.signal.utils.SignalGenerator;jigl.signal.io.SignalOutputStream
jigl.signal.utils.SignalGenerator;jigl.signal.utils.InvalidCommandLineException
jigl.signal.utils.SignalGenerator;jigl.signal.utils.SignalGenerator$Orientation
jigl.signal.utils.SignalOps;jigl.signal.ColorModelNotSupportedException
jigl.signal.utils.SignalOps;jigl.signal.ColorModelUnknownException
jigl.signal.utils.SignalOps;jigl.signal.ComplexSignal
jigl.signal.utils.SignalOps;jigl.signal.DiscreteSignal
jigl.signal.utils.SignalOps;jigl.signal.RealSignal
jigl.signal.utils.SignalOps;jigl.signal.Signal
jigl.signal.utils.SignalOps;jigl.signal.SignalNotSupportedException
jigl.signal.utils.SignalOps;jigl.signal.io.IllegalPBMFormatException
jigl.signal.utils.SignalOps;jigl.signal.io.SignalInputStream
jigl.signal.utils.SignalOps;jigl.signal.io.SignalOutputStream
jigl.signal.utils.SignalOps;jigl.signal.utils.IncompatibleSignalException
jigl.signal.utils.SignalOps;jigl.signal.utils.InvalidCommandLineException
jigl.signal.utils.SignalOps;jigl.signal.utils.SignalConverter
