!defaultpackage!.OAI;org.heal.module.approval.ApprovalQueueBean
!defaultpackage!.OAI;org.heal.module.metadata.CompleteMetadataBean
!defaultpackage!.OAI;org.heal.module.metadata.ContextURLBean
!defaultpackage!.OAI;org.heal.module.metadata.ContributorBean
!defaultpackage!.OAI;org.heal.module.metadata.CopyrightBean
!defaultpackage!.OAI;org.heal.module.metadata.CopyrightTextBean
!defaultpackage!.OAI;org.heal.module.metadata.FormatBean
!defaultpackage!.OAI;org.heal.module.metadata.KeywordBean
!defaultpackage!.OAI;org.heal.module.metadata.MetadataBean
!defaultpackage!.OAI;org.heal.module.metadata.MetadataServicesBean
!defaultpackage!.OAI;org.heal.module.metadata.OrganBean
!defaultpackage!.OAI;org.heal.module.metadata.RequirementBean
!defaultpackage!.OAI;org.heal.module.upload.UploadServicesBean
!defaultpackage!.OAI;org.heal.module.user.UserBean
!defaultpackage!.OAI;org.heal.util.FileLocator
org.heal.module.admin.AdministrationServicesBean;org.heal.module.metadata.MetadataBean
org.heal.module.admin.AdministrationServicesBean;org.heal.module.metadata.ThumbnailBean
org.heal.module.admin.AdministrationServicesBean;org.heal.module.user.UserPermissionsBean
org.heal.module.admin.AdministrationServicesBean;org.heal.module.user.UserRegistryBean
org.heal.module.admin.AdministrationServicesBean;org.heal.util.FileLocator
org.heal.module.admin.AdministrationServicesBean;org.heal.util.MetadataDB
org.heal.module.approval.ApprovalQueueBean;org.heal.module.approval.ApprovalQueueEntryBean
org.heal.module.approval.ApprovalQueueBean;org.heal.util.MetadataDB
org.heal.module.browse.BrowseServicesBean;org.heal.module.browse.CategoryBean
org.heal.module.browse.BrowseServicesBean;org.heal.module.metadata.ShortMetadataBean
org.heal.module.browse.BrowseServicesBean;org.heal.module.metadata.ThumbnailBean
org.heal.module.browse.BrowseServicesBean;org.heal.util.MetadataDB
org.heal.module.catalog.CatalogQueueBean;org.heal.module.catalog.CatalogQueueEntryBean
org.heal.module.catalog.CatalogQueueBean;org.heal.util.MetadataDB
org.heal.module.download.DownloadServicesBean;org.heal.module.download.DownloadQueueBean
org.heal.module.download.DownloadServicesBean;org.heal.module.metadata.CompleteMetadataBean
org.heal.module.download.DownloadServicesBean;org.heal.module.metadata.HealMetadataXMLConverter
org.heal.module.download.DownloadServicesBean;org.heal.module.metadata.MetadataBean
org.heal.module.download.DownloadServicesBean;org.heal.util.FileLocator
org.heal.module.download.DownloadServicesBean;org.heal.util.MetadataDB
org.heal.module.metadata.CompleteMetadataBean;org.heal.module.metadata.ContextURLBean
org.heal.module.metadata.CompleteMetadataBean;org.heal.module.metadata.ContributorBean
org.heal.module.metadata.CompleteMetadataBean;org.heal.module.metadata.CopyrightBean
org.heal.module.metadata.CompleteMetadataBean;org.heal.module.metadata.CopyrightHolderBean
org.heal.module.metadata.CompleteMetadataBean;org.heal.module.metadata.CopyrightTextBean
org.heal.module.metadata.CompleteMetadataBean;org.heal.module.metadata.DiseaseDiagnosisBean
org.heal.module.metadata.CompleteMetadataBean;org.heal.module.metadata.FormatBean
org.heal.module.metadata.CompleteMetadataBean;org.heal.module.metadata.KeywordBean
org.heal.module.metadata.CompleteMetadataBean;org.heal.module.metadata.MetadataBean
org.heal.module.metadata.CompleteMetadataBean;org.heal.module.metadata.RelationBean
org.heal.module.metadata.CompleteMetadataBean;org.heal.module.metadata.RequirementBean
org.heal.module.metadata.CompleteMetadataBean;org.heal.module.metadata.TaxonPathBean
org.heal.module.metadata.CompleteMetadataBean;org.heal.module.metadata.ThumbnailBean
org.heal.module.metadata.CopyrightBean;org.heal.module.metadata.CopyrightTextBean
org.heal.module.metadata.HealMetadataXMLConverter;org.heal.module.metadata.CompleteMetadataBean
org.heal.module.metadata.HealMetadataXMLConverter;org.heal.module.metadata.ContextURLBean
org.heal.module.metadata.HealMetadataXMLConverter;org.heal.module.metadata.ContributorBean
org.heal.module.metadata.HealMetadataXMLConverter;org.heal.module.metadata.CopyrightBean
org.heal.module.metadata.HealMetadataXMLConverter;org.heal.module.metadata.CopyrightHolderBean
org.heal.module.metadata.HealMetadataXMLConverter;org.heal.module.metadata.CopyrightTextBean
org.heal.module.metadata.HealMetadataXMLConverter;org.heal.module.metadata.DiseaseDiagnosisBean
org.heal.module.metadata.HealMetadataXMLConverter;org.heal.module.metadata.FormatBean
org.heal.module.metadata.HealMetadataXMLConverter;org.heal.module.metadata.KeywordBean
org.heal.module.metadata.HealMetadataXMLConverter;org.heal.module.metadata.MetadataBean
org.heal.module.metadata.HealMetadataXMLConverter;org.heal.module.metadata.RelationBean
org.heal.module.metadata.HealMetadataXMLConverter;org.heal.module.metadata.RequirementBean
org.heal.module.metadata.HealMetadataXMLConverter;org.heal.module.metadata.ShortMetadataBean
org.heal.module.metadata.HealMetadataXMLConverter;org.heal.module.metadata.TaxonBean
org.heal.module.metadata.HealMetadataXMLConverter;org.heal.module.metadata.TaxonPathBean
org.heal.module.metadata.HealMetadataXMLConverter;org.heal.util.FileLocator
org.heal.module.metadata.MetadataBean;org.heal.module.metadata.ShortMetadataBean
org.heal.module.metadata.MetadataServicesBean;org.heal.module.catalog.CatalogQueueEntryBean
org.heal.module.metadata.MetadataServicesBean;org.heal.module.metadata.CompleteMetadataBean
org.heal.module.metadata.MetadataServicesBean;org.heal.module.metadata.HealMetadataXMLConverter
org.heal.module.metadata.MetadataServicesBean;org.heal.module.metadata.MetadataBean
org.heal.module.metadata.MetadataServicesBean;org.heal.module.metadata.ShortMetadataBean
org.heal.module.metadata.MetadataServicesBean;org.heal.util.FileLocator
org.heal.module.metadata.MetadataServicesBean;org.heal.util.MetadataDB
org.heal.module.metadata.ShortMetadataBean;org.heal.module.metadata.ThumbnailBean
org.heal.module.metadata.TaxonPathBean;org.heal.module.metadata.TaxonBean
org.heal.module.notice.NotificationServicesBean;org.heal.module.user.UserBean
org.heal.module.notice.NotificationServicesBean;org.heal.module.user.UserRegistryBean
org.heal.module.oai.heal.HEALDataAccessor;org.heal.module.metadata.CompleteMetadataBean
org.heal.module.oai.heal.HEALDataAccessor;org.heal.module.metadata.MetadataBean
org.heal.module.oai.heal.HEALDataAccessor;org.heal.module.metadata.ShortMetadataBean
org.heal.module.oai.heal.HEALDataAccessor;org.heal.module.oai.heal.HEALProviderConfig
org.heal.module.oai.heal.HEALDataAccessor;org.heal.module.oai.heal.HEALRecord
org.heal.module.oai.heal.HEALDataAccessor;org.heal.module.oai.provider.DataAccessor
org.heal.module.oai.heal.HEALDataAccessor;org.heal.module.oai.provider.OAIMetadataFormat
org.heal.module.oai.heal.HEALDataAccessor;org.heal.module.oai.provider.OAIRecord
org.heal.module.oai.heal.HEALDataAccessor;org.heal.module.oai.provider.OAIResumptionToken
org.heal.module.oai.heal.HEALDataAccessor;org.heal.module.oai.provider.OAISet
org.heal.module.oai.heal.HEALDataAccessor;org.heal.module.oai.provider.basic.BasicResumptionToken
org.heal.module.oai.heal.HEALHandler;org.heal.module.oai.provider.OAIMetadataFormat
org.heal.module.oai.heal.HEALHandler;org.heal.module.oai.provider.OAIMetadataHandler
org.heal.module.oai.heal.HEALHandler;org.heal.module.oai.provider.OAIRecordAdapter
org.heal.module.oai.heal.HEALMetadataFormat;org.heal.module.oai.heal.HEALHandler
org.heal.module.oai.heal.HEALMetadataFormat;org.heal.module.oai.provider.OAIMetadataFormat
org.heal.module.oai.heal.HEALMetadataFormat;org.heal.module.oai.provider.OAIMetadataHandler
org.heal.module.oai.heal.HEALOAIDCRecordAdapter;org.heal.module.metadata.CompleteMetadataBean
org.heal.module.oai.heal.HEALOAIDCRecordAdapter;org.heal.module.metadata.ContextURLBean
org.heal.module.oai.heal.HEALOAIDCRecordAdapter;org.heal.module.metadata.ContributorBean
org.heal.module.oai.heal.HEALOAIDCRecordAdapter;org.heal.module.metadata.CopyrightBean
org.heal.module.oai.heal.HEALOAIDCRecordAdapter;org.heal.module.metadata.CopyrightHolderBean
org.heal.module.oai.heal.HEALOAIDCRecordAdapter;org.heal.module.metadata.CopyrightTextBean
org.heal.module.oai.heal.HEALOAIDCRecordAdapter;org.heal.module.metadata.FormatBean
org.heal.module.oai.heal.HEALOAIDCRecordAdapter;org.heal.module.metadata.KeywordBean
org.heal.module.oai.heal.HEALOAIDCRecordAdapter;org.heal.module.metadata.MetadataBean
org.heal.module.oai.heal.HEALOAIDCRecordAdapter;org.heal.module.metadata.RelationBean
org.heal.module.oai.heal.HEALOAIDCRecordAdapter;org.heal.module.metadata.RequirementBean
org.heal.module.oai.heal.HEALOAIDCRecordAdapter;org.heal.module.metadata.ShortMetadataBean
org.heal.module.oai.heal.HEALOAIDCRecordAdapter;org.heal.module.metadata.TaxonBean
org.heal.module.oai.heal.HEALOAIDCRecordAdapter;org.heal.module.metadata.TaxonPathBean
org.heal.module.oai.heal.HEALOAIDCRecordAdapter;org.heal.module.oai.heal.HEALProviderConfig
org.heal.module.oai.heal.HEALOAIDCRecordAdapter;org.heal.module.oai.provider.OAIProvider
org.heal.module.oai.heal.HEALOAIDCRecordAdapter;org.heal.module.oai.provider.OAIRecordAdapter
org.heal.module.oai.heal.HEALOAIDCRecordAdapter;org.heal.module.oai.provider.oai_dc.OAI_DCRecordAdapter
org.heal.module.oai.heal.HEALProviderConfig;org.heal.module.oai.provider.OAIMetadataFormat
org.heal.module.oai.heal.HEALProviderConfig;org.heal.module.oai.provider.OAIProviderConfig
org.heal.module.oai.heal.HEALRecord;org.heal.module.metadata.CompleteMetadataBean
org.heal.module.oai.heal.HEALRecord;org.heal.module.oai.heal.HEALOAIDCRecordAdapter
org.heal.module.oai.heal.HEALRecord;org.heal.module.oai.heal.HEALProviderConfig
org.heal.module.oai.heal.HEALRecord;org.heal.module.oai.provider.OAIMetadataFormat
org.heal.module.oai.heal.HEALRecord;org.heal.module.oai.provider.OAIRecord
org.heal.module.oai.heal.HEALRecord;org.heal.module.oai.provider.OAIRecordAdapter
org.heal.module.oai.heal.HEALRecord;org.heal.module.oai.provider.OAISet
org.heal.module.oai.heal.HEALRecord;org.heal.module.oai.provider.oai_dc.OAI_DCMetadataFormat
org.heal.module.oai.heal.OAIProviderServlet;org.heal.module.oai.heal.HEALDataAccessor
org.heal.module.oai.heal.OAIProviderServlet;org.heal.module.oai.heal.HEALProviderConfig
org.heal.module.oai.heal.OAIProviderServlet;org.heal.module.oai.provider.DataAccessor
org.heal.module.oai.heal.OAIProviderServlet;org.heal.module.oai.provider.OAIMetadataFormat
org.heal.module.oai.heal.OAIProviderServlet;org.heal.module.oai.provider.OAIMetadataFormat[]
org.heal.module.oai.heal.OAIProviderServlet;org.heal.module.oai.provider.OAIProvider
org.heal.module.oai.heal.OAIProviderServlet;org.heal.module.oai.provider.OAIProviderConfig
org.heal.module.oai.provider.DataAccessor;org.heal.module.oai.provider.OAIMetadataFormat
org.heal.module.oai.provider.DataAccessor;org.heal.module.oai.provider.OAIRecord
org.heal.module.oai.provider.DataAccessor;org.heal.module.oai.provider.OAIResumptionToken
org.heal.module.oai.provider.DataAccessor;org.heal.module.oai.provider.OAISet
org.heal.module.oai.provider.OAIMetadataFormat;org.heal.module.oai.provider.OAIMetadataHandler
org.heal.module.oai.provider.OAIMetadataHandler;org.heal.module.oai.provider.OAIMetadataFormat
org.heal.module.oai.provider.OAIMetadataHandler;org.heal.module.oai.provider.OAIRecordAdapter
org.heal.module.oai.provider.OAIProvider;org.heal.module.oai.provider.DataAccessor
org.heal.module.oai.provider.OAIProvider;org.heal.module.oai.provider.OAIMetadataFormat
org.heal.module.oai.provider.OAIProvider;org.heal.module.oai.provider.OAIMetadataFormat[]
org.heal.module.oai.provider.OAIProvider;org.heal.module.oai.provider.OAIMetadataHandler
org.heal.module.oai.provider.OAIProvider;org.heal.module.oai.provider.OAIProvider$ValidatedInput
org.heal.module.oai.provider.OAIProvider;org.heal.module.oai.provider.OAIProviderConfig
org.heal.module.oai.provider.OAIProvider;org.heal.module.oai.provider.OAIRecord
org.heal.module.oai.provider.OAIProvider;org.heal.module.oai.provider.OAIRecordAdapter
org.heal.module.oai.provider.OAIProvider;org.heal.module.oai.provider.OAIResumptionToken
org.heal.module.oai.provider.OAIProvider;org.heal.module.oai.provider.OAISet
org.heal.module.oai.provider.OAIProvider$ValidatedInput;org.heal.module.oai.provider.OAIMetadataHandler
org.heal.module.oai.provider.OAIProvider$ValidatedInput;org.heal.module.oai.provider.OAIResumptionToken
org.heal.module.oai.provider.OAIProviderConfig;org.heal.module.oai.provider.OAIMetadataFormat
org.heal.module.oai.provider.OAIRecord;org.heal.module.oai.provider.OAIMetadataFormat
org.heal.module.oai.provider.OAIRecord;org.heal.module.oai.provider.OAIRecordAdapter
org.heal.module.oai.provider.OAIRecord;org.heal.module.oai.provider.OAISet
org.heal.module.oai.provider.basic.BasicResumptionToken;org.heal.module.oai.provider.OAIProvider
org.heal.module.oai.provider.basic.BasicResumptionToken;org.heal.module.oai.provider.OAIResumptionToken
org.heal.module.oai.provider.basic.BasicSet;org.heal.module.oai.provider.OAISet
org.heal.module.oai.provider.nsdl_dc.NSDL_DCHandler;org.heal.module.oai.provider.OAIMetadataFormat
org.heal.module.oai.provider.nsdl_dc.NSDL_DCHandler;org.heal.module.oai.provider.OAIMetadataHandler
org.heal.module.oai.provider.nsdl_dc.NSDL_DCHandler;org.heal.module.oai.provider.OAIRecordAdapter
org.heal.module.oai.provider.nsdl_dc.NSDL_DCMetadataFormat;org.heal.module.oai.provider.OAIMetadataFormat
org.heal.module.oai.provider.nsdl_dc.NSDL_DCMetadataFormat;org.heal.module.oai.provider.OAIMetadataHandler
org.heal.module.oai.provider.nsdl_dc.NSDL_DCMetadataFormat;org.heal.module.oai.provider.nsdl_dc.NSDL_DCHandler
org.heal.module.oai.provider.oai_dc.OAI_DCHandler;org.heal.module.oai.provider.OAIMetadataFormat
org.heal.module.oai.provider.oai_dc.OAI_DCHandler;org.heal.module.oai.provider.OAIMetadataHandler
org.heal.module.oai.provider.oai_dc.OAI_DCHandler;org.heal.module.oai.provider.OAIRecordAdapter
org.heal.module.oai.provider.oai_dc.OAI_DCHandler;org.heal.module.oai.provider.oai_dc.OAI_DCRecordAdapter
org.heal.module.oai.provider.oai_dc.OAI_DCMetadataFormat;org.heal.module.oai.provider.OAIMetadataFormat
org.heal.module.oai.provider.oai_dc.OAI_DCMetadataFormat;org.heal.module.oai.provider.OAIMetadataHandler
org.heal.module.oai.provider.oai_dc.OAI_DCMetadataFormat;org.heal.module.oai.provider.oai_dc.OAI_DCHandler
org.heal.module.oai.provider.oai_dc.OAI_DCRecordAdapter;org.heal.module.oai.provider.OAIRecordAdapter
org.heal.module.oai.test.OAIProviderTest;org.heal.module.oai.heal.HEALDataAccessor
org.heal.module.oai.test.OAIProviderTest;org.heal.module.oai.heal.HEALMetadataFormat
org.heal.module.oai.test.OAIProviderTest;org.heal.module.oai.heal.HEALProviderConfig
org.heal.module.oai.test.OAIProviderTest;org.heal.module.oai.provider.DataAccessor
org.heal.module.oai.test.OAIProviderTest;org.heal.module.oai.provider.OAIMetadataFormat
org.heal.module.oai.test.OAIProviderTest;org.heal.module.oai.provider.OAIProvider
org.heal.module.oai.test.OAIProviderTest;org.heal.module.oai.provider.OAIProviderConfig
org.heal.module.oai.test.OAIProviderTest;org.heal.module.oai.provider.nsdl_dc.NSDL_DCMetadataFormat
org.heal.module.oai.test.OAIProviderTest;org.heal.module.oai.provider.oai_dc.OAI_DCMetadataFormat
org.heal.module.oai.test.PseudoDataAccessor;org.heal.module.oai.provider.DataAccessor
org.heal.module.oai.test.PseudoDataAccessor;org.heal.module.oai.provider.OAIMetadataFormat
org.heal.module.oai.test.PseudoDataAccessor;org.heal.module.oai.provider.OAIProviderConfig
org.heal.module.oai.test.PseudoDataAccessor;org.heal.module.oai.provider.OAIRecord
org.heal.module.oai.test.PseudoDataAccessor;org.heal.module.oai.provider.OAIResumptionToken
org.heal.module.oai.test.PseudoDataAccessor;org.heal.module.oai.provider.OAISet
org.heal.module.oai.test.PseudoDataAccessor;org.heal.module.oai.provider.basic.BasicResumptionToken
org.heal.module.oai.test.PseudoDataAccessor;org.heal.module.oai.provider.basic.BasicSet
org.heal.module.search.AdvSearchDAO;org.heal.module.metadata.ShortMetadataBean
org.heal.module.search.AdvSearchDAO;org.heal.module.search.ParameterBean
org.heal.module.search.AdvSearchDAO;org.heal.module.search.ParameterNode
org.heal.module.search.AdvSearchDAO;org.heal.module.search.SearchResultBean
org.heal.module.search.AdvSearchDAO;org.heal.module.search.ShortMetadataResultBean
org.heal.module.search.ParameterBean;org.heal.module.search.ParameterNode
org.heal.module.search.SearchParametersBean;org.heal.module.metadata.ContributorBean
org.heal.module.search.SearchParametersBean;org.heal.module.metadata.MetadataBean
org.heal.module.search.SearchParametersBean;org.heal.module.metadata.RelationBean
org.heal.module.search.SearchParametersBean;org.heal.module.metadata.RequirementBean
org.heal.module.search.SearchParametersBean;org.heal.module.metadata.TaxonBean
org.heal.module.search.SearchResultBean;org.heal.module.search.SearchParametersBean
org.heal.module.search.SearchResultBean;org.heal.module.search.ShortMetadataResultBean
org.heal.module.search.SearchServicesBean;org.heal.module.metadata.ContributorBean
org.heal.module.search.SearchServicesBean;org.heal.module.metadata.MetadataBean
org.heal.module.search.SearchServicesBean;org.heal.module.metadata.RelationBean
org.heal.module.search.SearchServicesBean;org.heal.module.metadata.RequirementBean
org.heal.module.search.SearchServicesBean;org.heal.module.metadata.TaxonBean
org.heal.module.search.SearchServicesBean;org.heal.module.search.SearchParametersBean
org.heal.module.search.SearchServicesBean;org.heal.module.search.SearchResultBean
org.heal.module.search.SearchServicesBean;org.heal.module.search.SearchServicesBean$TableColumnTuple
org.heal.module.search.SearchServicesBean;org.heal.module.search.ShortMetadataResultBean
org.heal.module.search.SearchServicesBean;org.heal.util.MetadataDB
org.heal.module.search.SearchServicesBean$TableColumnTuple;org.heal.module.search.SearchServicesBean
org.heal.module.search.ShortMetadataResultBean;org.heal.module.metadata.ShortMetadataBean
org.heal.module.upload.UploadServicesBean;org.heal.module.metadata.CompleteMetadataBean
org.heal.module.upload.UploadServicesBean;org.heal.module.metadata.MetadataBean
org.heal.module.upload.UploadServicesBean;org.heal.module.metadata.ThumbnailBean
org.heal.module.upload.UploadServicesBean;org.heal.module.upload.UploadServicesBean$1
org.heal.module.upload.UploadServicesBean;org.heal.module.upload.UploadServicesBean$RealizeListener
org.heal.module.upload.UploadServicesBean;org.heal.util.FileLocator
org.heal.module.upload.UploadServicesBean$RealizeListener;org.heal.module.upload.UploadServicesBean
org.heal.module.upload.UploadServicesBean$RealizeListener;org.heal.module.upload.UploadServicesBean$1
org.heal.module.user.UserRegistryBean;org.heal.module.user.UserBean
org.heal.module.user.UserRegistryBean;org.heal.module.user.UserPermissionsBean
org.heal.servlet.AddToDownloadAction;org.heal.module.download.DownloadQueueBean
org.heal.servlet.AddToDownloadAction;org.heal.servlet.Action
org.heal.servlet.AdvSearchAction;org.heal.module.search.AdvSearchDAO
org.heal.servlet.AdvSearchAction;org.heal.module.search.ParameterBean
org.heal.servlet.AdvSearchAction;org.heal.module.search.ParameterNode
org.heal.servlet.AdvSearchAction;org.heal.module.search.SearchResultBean
org.heal.servlet.AdvSearchAction;org.heal.servlet.Action
org.heal.servlet.AuthenticateAction;org.heal.module.user.UserBean
org.heal.servlet.AuthenticateAction;org.heal.module.user.UserRegistryBean
org.heal.servlet.AuthenticateAction;org.heal.servlet.Action
org.heal.servlet.BrowseAction;org.heal.module.browse.BrowseResultsBean
org.heal.servlet.BrowseAction;org.heal.module.metadata.ShortMetadataBean
org.heal.servlet.BrowseAction;org.heal.module.metadata.ThumbnailBean
org.heal.servlet.BrowseAction;org.heal.servlet.Action
org.heal.servlet.BrowseAction;org.heal.util.FileLocator
org.heal.servlet.BrowseAction;org.heal.util.InterfaceUtilitiesBean
org.heal.servlet.BrowseAction;org.heal.util.ResultsPager
org.heal.servlet.ControllerServlet;org.heal.module.notice.NotificationServicesBean
org.heal.servlet.ControllerServlet;org.heal.module.search.AdvSearchDAO
org.heal.servlet.ControllerServlet;org.heal.module.upload.UploadServicesBean
org.heal.servlet.ControllerServlet;org.heal.module.user.UserRegistryBean
org.heal.servlet.ControllerServlet;org.heal.servlet.Action
org.heal.servlet.ControllerServlet;org.heal.servlet.AddToDownloadAction
org.heal.servlet.ControllerServlet;org.heal.servlet.AdvSearchAction
org.heal.servlet.ControllerServlet;org.heal.servlet.AuthenticateAction
org.heal.servlet.ControllerServlet;org.heal.servlet.BrowseAction
org.heal.servlet.ControllerServlet;org.heal.servlet.DownloadAction
org.heal.servlet.ControllerServlet;org.heal.servlet.ListIMSXMLAction
org.heal.servlet.ControllerServlet;org.heal.servlet.LogoutAction
org.heal.servlet.ControllerServlet;org.heal.servlet.RegistrationAction
org.heal.servlet.ControllerServlet;org.heal.servlet.RemoveFromDownloadAction
org.heal.servlet.ControllerServlet;org.heal.servlet.SearchResultsAction
org.heal.servlet.ControllerServlet;org.heal.servlet.ShowMetadataAction
org.heal.servlet.ControllerServlet;org.heal.servlet.ShowRegistrationInfoAction
org.heal.servlet.ControllerServlet;org.heal.servlet.SimpleUploadAction
org.heal.servlet.ControllerServlet;org.heal.servlet.ViewDownloadFolderAction
org.heal.servlet.ControllerServlet;org.heal.util.FileLocator
org.heal.servlet.ControllerServlet;org.heal.util.InterfaceUtilitiesBean
org.heal.servlet.DownloadAction;org.heal.module.download.DownloadQueueBean
org.heal.servlet.DownloadAction;org.heal.servlet.Action
org.heal.servlet.ListIMSXMLAction;org.heal.servlet.Action
org.heal.servlet.LogoutAction;org.heal.servlet.Action
org.heal.servlet.MetadataAction;org.heal.module.metadata.CompleteMetadataBean
org.heal.servlet.MetadataAction;org.heal.module.metadata.FormatBean
org.heal.servlet.MetadataAction;org.heal.module.metadata.MetadataBean
org.heal.servlet.MetadataAction;org.heal.module.metadata.MetadataServicesBean
org.heal.servlet.MetadataAction;org.heal.module.metadata.ThumbnailBean
org.heal.servlet.MetadataAction;org.heal.servlet.Action
org.heal.servlet.MetadataAction;org.heal.util.FileLocator
org.heal.servlet.MetadataAction;org.heal.util.InterfaceUtilitiesBean
org.heal.servlet.RegistrationAction;org.heal.module.user.UserBean
org.heal.servlet.RegistrationAction;org.heal.module.user.UserRegistryBean
org.heal.servlet.RegistrationAction;org.heal.servlet.Action
org.heal.servlet.RemoveFromDownloadAction;org.heal.module.download.DownloadQueueBean
org.heal.servlet.RemoveFromDownloadAction;org.heal.servlet.Action
org.heal.servlet.SearchAction;org.heal.module.search.SearchResultBean
org.heal.servlet.SearchAction;org.heal.module.search.SearchServicesBean
org.heal.servlet.SearchAction;org.heal.module.user.UserBean
org.heal.servlet.SearchAction;org.heal.servlet.Action
org.heal.servlet.SearchResultsAction;org.heal.module.metadata.ShortMetadataBean
org.heal.servlet.SearchResultsAction;org.heal.module.metadata.ThumbnailBean
org.heal.servlet.SearchResultsAction;org.heal.module.search.SearchResultBean
org.heal.servlet.SearchResultsAction;org.heal.module.search.ShortMetadataResultBean
org.heal.servlet.SearchResultsAction;org.heal.servlet.Action
org.heal.servlet.SearchResultsAction;org.heal.util.FileLocator
org.heal.servlet.SearchResultsAction;org.heal.util.InterfaceUtilitiesBean
org.heal.servlet.SearchResultsAction;org.heal.util.ResultsPager
org.heal.servlet.ShowMetadataAction;org.heal.module.metadata.CompleteMetadataBean
org.heal.servlet.ShowMetadataAction;org.heal.module.metadata.FormatBean
org.heal.servlet.ShowMetadataAction;org.heal.module.metadata.MetadataBean
org.heal.servlet.ShowMetadataAction;org.heal.module.metadata.ThumbnailBean
org.heal.servlet.ShowMetadataAction;org.heal.servlet.Action
org.heal.servlet.ShowMetadataAction;org.heal.util.FileLocator
org.heal.servlet.ShowMetadataAction;org.heal.util.InterfaceUtilitiesBean
org.heal.servlet.ShowRegistrationInfoAction;org.heal.module.user.UserBean
org.heal.servlet.ShowRegistrationInfoAction;org.heal.servlet.Action
org.heal.servlet.SimpleUploadAction;org.heal.module.metadata.CompleteMetadataBean
org.heal.servlet.SimpleUploadAction;org.heal.module.metadata.ContextURLBean
org.heal.servlet.SimpleUploadAction;org.heal.module.metadata.ContributorBean
org.heal.servlet.SimpleUploadAction;org.heal.module.metadata.CopyrightBean
org.heal.servlet.SimpleUploadAction;org.heal.module.metadata.CopyrightHolderBean
org.heal.servlet.SimpleUploadAction;org.heal.module.metadata.CopyrightTextBean
org.heal.servlet.SimpleUploadAction;org.heal.module.metadata.DiseaseDiagnosisBean
org.heal.servlet.SimpleUploadAction;org.heal.module.metadata.FormatBean
org.heal.servlet.SimpleUploadAction;org.heal.module.metadata.KeywordBean
org.heal.servlet.SimpleUploadAction;org.heal.module.metadata.MetadataBean
org.heal.servlet.SimpleUploadAction;org.heal.module.metadata.RelationBean
org.heal.servlet.SimpleUploadAction;org.heal.module.metadata.RequirementBean
org.heal.servlet.SimpleUploadAction;org.heal.module.upload.UploadServicesBean
org.heal.servlet.SimpleUploadAction;org.heal.module.user.UserBean
org.heal.servlet.SimpleUploadAction;org.heal.servlet.Action
org.heal.servlet.SimpleUploadAction;org.heal.util.FileLocator
org.heal.servlet.UploadAction;org.heal.module.approval.ApprovalQueueBean
org.heal.servlet.UploadAction;org.heal.module.metadata.CompleteMetadataBean
org.heal.servlet.UploadAction;org.heal.module.metadata.ContextURLBean
org.heal.servlet.UploadAction;org.heal.module.metadata.ContributorBean
org.heal.servlet.UploadAction;org.heal.module.metadata.CopyrightBean
org.heal.servlet.UploadAction;org.heal.module.metadata.CopyrightHolderBean
org.heal.servlet.UploadAction;org.heal.module.metadata.CopyrightTextBean
org.heal.servlet.UploadAction;org.heal.module.metadata.FormatBean
org.heal.servlet.UploadAction;org.heal.module.metadata.KeywordBean
org.heal.servlet.UploadAction;org.heal.module.metadata.MetadataBean
org.heal.servlet.UploadAction;org.heal.module.metadata.MetadataServicesBean
org.heal.servlet.UploadAction;org.heal.module.metadata.RequirementBean
org.heal.servlet.UploadAction;org.heal.module.upload.UploadServicesBean
org.heal.servlet.UploadAction;org.heal.module.user.UserBean
org.heal.servlet.UploadAction;org.heal.servlet.Action
org.heal.servlet.UploadAction;org.heal.util.FileLocator
org.heal.servlet.ViewDownloadFolder;org.heal.module.download.DownloadQueueBean
org.heal.servlet.ViewDownloadFolder;org.heal.module.download.DownloadServicesBean
org.heal.servlet.ViewDownloadFolder;org.heal.module.metadata.MetadataServicesBean
org.heal.servlet.ViewDownloadFolder;org.heal.module.metadata.ShortMetadataBean
org.heal.servlet.ViewDownloadFolder;org.heal.module.metadata.ThumbnailBean
org.heal.servlet.ViewDownloadFolder;org.heal.servlet.Action
org.heal.servlet.ViewDownloadFolder;org.heal.util.FileLocator
org.heal.servlet.ViewDownloadFolder;org.heal.util.InterfaceUtilitiesBean
org.heal.servlet.ViewDownloadFolderAction;org.heal.module.download.DownloadQueueBean
org.heal.servlet.ViewDownloadFolderAction;org.heal.module.metadata.ShortMetadataBean
org.heal.servlet.ViewDownloadFolderAction;org.heal.module.metadata.ThumbnailBean
org.heal.servlet.ViewDownloadFolderAction;org.heal.servlet.Action
org.heal.servlet.ViewDownloadFolderAction;org.heal.util.FileLocator
org.heal.servlet.ViewDownloadFolderAction;org.heal.util.InterfaceUtilitiesBean
org.heal.util.FileLocator;org.heal.module.user.UserBean
org.heal.util.InterfaceUtilitiesBean;org.heal.module.metadata.ThumbnailBean
org.heal.util.InterfaceUtilitiesBean;org.heal.module.user.UserBean
org.heal.util.InterfaceUtilitiesBean;org.heal.module.user.UserRegistryBean
org.heal.util.InterfaceUtilitiesBean;org.heal.util.FileLocator
org.heal.util.MetadataDB;org.heal.module.approval.ApprovalQueueEntryBean
org.heal.util.MetadataDB;org.heal.module.catalog.CatalogQueueEntryBean
org.heal.util.MetadataDB;org.heal.module.metadata.CompleteMetadataBean
org.heal.util.MetadataDB;org.heal.module.metadata.ContextURLBean
org.heal.util.MetadataDB;org.heal.module.metadata.ContributorBean
org.heal.util.MetadataDB;org.heal.module.metadata.CopyrightBean
org.heal.util.MetadataDB;org.heal.module.metadata.CopyrightHolderBean
org.heal.util.MetadataDB;org.heal.module.metadata.CopyrightTextBean
org.heal.util.MetadataDB;org.heal.module.metadata.DiseaseDiagnosisBean
org.heal.util.MetadataDB;org.heal.module.metadata.FormatBean
org.heal.util.MetadataDB;org.heal.module.metadata.HealMetadataXMLConverter
org.heal.util.MetadataDB;org.heal.module.metadata.KeywordBean
org.heal.util.MetadataDB;org.heal.module.metadata.MetadataBean
org.heal.util.MetadataDB;org.heal.module.metadata.RelationBean
org.heal.util.MetadataDB;org.heal.module.metadata.RequirementBean
org.heal.util.MetadataDB;org.heal.module.metadata.ShortMetadataBean
org.heal.util.MetadataDB;org.heal.module.metadata.TaxonBean
org.heal.util.MetadataDB;org.heal.module.metadata.TaxonPathBean
org.heal.util.MetadataDB;org.heal.module.metadata.ThumbnailBean
org.heal.util.MetadataDB;org.heal.module.search.SearchParametersBean
org.heal.util.UploadUtilitiesBean;org.heal.module.metadata.CompleteMetadataBean
org.heal.util.UploadUtilitiesBean;org.heal.module.metadata.ContextURLBean
org.heal.util.UploadUtilitiesBean;org.heal.module.metadata.ContributorBean
org.heal.util.UploadUtilitiesBean;org.heal.module.metadata.CopyrightBean
org.heal.util.UploadUtilitiesBean;org.heal.module.metadata.CopyrightHolderBean
org.heal.util.UploadUtilitiesBean;org.heal.module.metadata.CopyrightTextBean
org.heal.util.UploadUtilitiesBean;org.heal.module.metadata.DiseaseDiagnosisBean
org.heal.util.UploadUtilitiesBean;org.heal.module.metadata.FormatBean
org.heal.util.UploadUtilitiesBean;org.heal.module.metadata.KeywordBean
org.heal.util.UploadUtilitiesBean;org.heal.module.metadata.MetadataBean
org.heal.util.UploadUtilitiesBean;org.heal.module.metadata.MetadataServicesBean
org.heal.util.UploadUtilitiesBean;org.heal.module.metadata.OrganBean
org.heal.util.UploadUtilitiesBean;org.heal.module.metadata.RelationBean
org.heal.util.UploadUtilitiesBean;org.heal.module.metadata.RequirementBean
org.heal.util.UploadUtilitiesBean;org.heal.module.metadata.TaxonBean
org.heal.util.UploadUtilitiesBean;org.heal.module.metadata.TaxonPathBean
org.heal.util.UploadUtilitiesBean;org.heal.module.user.UserBean
org.heal.util.UploadUtilitiesBean;org.heal.util.FileLocator
